 CTOP - Classic (3 Week Lead Time) | Laminate 10776 Kingstone Maple,0,96,170.98
 CTOP - Classic (3 Week Lead Time) | Laminate 10776 Kingstone Maple,96,120,213.72
 CTOP - Classic (3 Week Lead Time) | Laminate 10776 Kingstone Maple,120,144,256.47
 CTOP - Classic (3 Week Lead Time) | Laminate 1573 Frosty White,0,96,170.98
 CTOP - Classic (3 Week Lead Time) | Laminate 1573 Frosty White,96,120,213.72
 CTOP - Classic (3 Week Lead Time) | Laminate 1573 Frosty White,120,144,256.47
 CTOP - Classic (3 Week Lead Time) | Laminate 1595 Black,0,96,170.98
 CTOP - Classic (3 Week Lead Time) | Laminate 1595 Black,96,120,213.72
 CTOP - Classic (3 Week Lead Time) | Laminate 1595 Black,120,144,256.47
 CTOP - Classic (3 Week Lead Time) | Laminate 4552 Ebony Star,0,96,170.98
 CTOP - Classic (3 Week Lead Time) | Laminate 4552 Ebony Star,96,120,213.72
 CTOP - Classic (3 Week Lead Time) | Laminate 4552 Ebony Star,120,144,256.47
 CTOP - Classic (3 Week Lead Time) | Laminate 4781 Sunstone,0,96,221.37
 CTOP - Classic (3 Week Lead Time) | Laminate 4781 Sunstone,96,120,276.71
 CTOP - Classic (3 Week Lead Time) | Laminate 4781 Sunstone,120,144,304.87
 CTOP - Classic (3 Week Lead Time) | Laminate 4789 Limestone,0,96,221.37
 CTOP - Classic (3 Week Lead Time) | Laminate 4789 Limestone,96,120,276.71
 CTOP - Classic (3 Week Lead Time) | Laminate 4789 Limestone,120,144,304.87
 CTOP - Classic (3 Week Lead Time) | Laminate 4790 Greystone,0,96,221.37
 CTOP - Classic (3 Week Lead Time) | Laminate 4790 Greystone,96,120,276.71
 CTOP - Classic (3 Week Lead Time) | Laminate 4790 Greystone,120,144,304.87
 CTOP - Classic (3 Week Lead Time) | Laminate 4791 Willowstone,0,96,221.37
 CTOP - Classic (3 Week Lead Time) | Laminate 4791 Willowstone,96,120,276.71
 CTOP - Classic (3 Week Lead Time) | Laminate 4791 Willowstone,120,144,304.87
 CTOP - Classic (3 Week Lead Time) | Laminate 4794 Windswept Bronze,0,96,170.98
 CTOP - Classic (3 Week Lead Time) | Laminate 4794 Windswept Bronze,96,120,213.72
 CTOP - Classic (3 Week Lead Time) | Laminate 4794 Windswept Bronze,120,144,256.47
 CTOP - Classic (3 Week Lead Time) | Laminate 4795 Windswept Pewter,0,96,170.98
 CTOP - Classic (3 Week Lead Time) | Laminate 4795 Windswept Pewter,96,120,213.72
 CTOP - Classic (3 Week Lead Time) | Laminate 4795 Windswept Pewter,120,144,256.47
 CTOP - Classic (3 Week Lead Time) | Laminate 4882 Oiled Soapstone,0,96,170.98
 CTOP - Classic (3 Week Lead Time) | Laminate 4882 Oiled Soapstone,96,120,213.72
 CTOP - Classic (3 Week Lead Time) | Laminate 4882 Oiled Soapstone,120,144,256.47
 CTOP - Classic (3 Week Lead Time) | Laminate 4883 Sable Soapstone,0,96,170.98
 CTOP - Classic (3 Week Lead Time) | Laminate 4883 Sable Soapstone,96,120,213.72
 CTOP - Classic (3 Week Lead Time) | Laminate 4883 Sable Soapstone,120,144,256.47
 CTOP - Classic (3 Week Lead Time) | Laminate 4884 Flame Soapstone,0,96,170.98
 CTOP - Classic (3 Week Lead Time) | Laminate 4884 Flame Soapstone,96,120,213.72
 CTOP - Classic (3 Week Lead Time) | Laminate 4884 Flame Soapstone,120,144,256.47
 CTOP - Classic (3 Week Lead Time) | Laminate 4885 Green Soapstone,0,96,170.98
 CTOP - Classic (3 Week Lead Time) | Laminate 4885 Green Soapstone,96,120,213.72
 CTOP - Classic (3 Week Lead Time) | Laminate 4885 Green Soapstone,120,144,256.47
 CTOP - Classic (3 Week Lead Time) | Laminate 4886 Pearl Soapstone,0,96,170.98
 CTOP - Classic (3 Week Lead Time) | Laminate 4886 Pearl Soapstone,96,120,213.72
 CTOP - Classic (3 Week Lead Time) | Laminate 4886 Pearl Soapstone,120,144,256.47
 CTOP - Classic (3 Week Lead Time) | Laminate 4887 Tan Soapstone,0,96,170.98
 CTOP - Classic (3 Week Lead Time) | Laminate 4887 Tan Soapstone,96,120,213.72
 CTOP - Classic (3 Week Lead Time) | Laminate 4887 Tan Soapstone,120,144,256.47
 CTOP - Classic (3 Week Lead Time) | Laminate 7921 Tuscan Walnut,0,96,170.98
 CTOP - Classic (3 Week Lead Time) | Laminate 7921 Tuscan Walnut,96,120,213.72
 CTOP - Classic (3 Week Lead Time) | Laminate 7921 Tuscan Walnut,120,144,256.47
 CTOP - Classic (3 Week Lead Time) | Laminate 7942 Cocobala,0,96,194.76
 CTOP - Classic (3 Week Lead Time) | Laminate 7942 Cocobala,96,120,243.45
 CTOP - Classic (3 Week Lead Time) | Laminate 7942 Cocobala,120,144,292.14
 CTOP - Classic (3 Week Lead Time) | Laminate 7948 Mambo,0,96,194.76
 CTOP - Classic (3 Week Lead Time) | Laminate 7948 Mambo,96,120,243.45
 CTOP - Classic (3 Week Lead Time) | Laminate 7948 Mambo,120,144,292.14
 CTOP - Classic (3 Week Lead Time) | Laminate D403 White Sand,0,96,170.98
 CTOP - Classic (3 Week Lead Time) | Laminate D403 White Sand,96,120,213.72
 CTOP - Classic (3 Week Lead Time) | Laminate D403 White Sand,120,144,256.47
 CTOP - Classic (3 Week Lead Time) | Laminate D92 Dove Grey,0,96,170.98
 CTOP - Classic (3 Week Lead Time) | Laminate D92 Dove Grey,96,120,213.72
 CTOP - Classic (3 Week Lead Time) | Laminate D92 Dove Grey,120,144,256.47
 CTOP - Futura (3 Week Lead Time) | Laminate 10776 Kingstone Maple,0,96,152.86
 CTOP - Futura (3 Week Lead Time) | Laminate 10776 Kingstone Maple,96,120,191.08
 CTOP - Futura (3 Week Lead Time) | Laminate 10776 Kingstone Maple,120,144,229.29
 CTOP - Futura (3 Week Lead Time) | Laminate 1573 Frosty White,0,96,152.86
 CTOP - Futura (3 Week Lead Time) | Laminate 1573 Frosty White,96,120,191.08
 CTOP - Futura (3 Week Lead Time) | Laminate 1573 Frosty White,120,144,229.29
 CTOP - Futura (3 Week Lead Time) | Laminate 1595 Black,0,96,152.86
 CTOP - Futura (3 Week Lead Time) | Laminate 1595 Black,96,120,191.08
 CTOP - Futura (3 Week Lead Time) | Laminate 1595 Black,120,144,229.29
 CTOP - Futura (3 Week Lead Time) | Laminate 4552 Ebony Star,0,96,152.86
 CTOP - Futura (3 Week Lead Time) | Laminate 4552 Ebony Star,96,120,191.08
 CTOP - Futura (3 Week Lead Time) | Laminate 4552 Ebony Star,120,144,229.29
 CTOP - Futura (3 Week Lead Time) | Laminate 4781 Sunstone,0,96,193.62
 CTOP - Futura (3 Week Lead Time) | Laminate 4781 Sunstone,96,120,242.03
 CTOP - Futura (3 Week Lead Time) | Laminate 4781 Sunstone,120,144,290.44
 CTOP - Futura (3 Week Lead Time) | Laminate 4789 Limestone,0,96,193.62
 CTOP - Futura (3 Week Lead Time) | Laminate 4789 Limestone,96,120,242.03
 CTOP - Futura (3 Week Lead Time) | Laminate 4789 Limestone,120,144,290.44
 CTOP - Futura (3 Week Lead Time) | Laminate 4790 Greystone,0,96,193.62
 CTOP - Futura (3 Week Lead Time) | Laminate 4790 Greystone,96,120,242.03
 CTOP - Futura (3 Week Lead Time) | Laminate 4790 Greystone,120,144,290.44
 CTOP - Futura (3 Week Lead Time) | Laminate 4791 Willowstone,0,96,193.62
 CTOP - Futura (3 Week Lead Time) | Laminate 4791 Willowstone,96,120,242.03
 CTOP - Futura (3 Week Lead Time) | Laminate 4791 Willowstone,120,144,290.44
 CTOP - Futura (3 Week Lead Time) | Laminate 4794 Windswept Bronze,0,96,152.86
 CTOP - Futura (3 Week Lead Time) | Laminate 4794 Windswept Bronze,96,120,191.08
 CTOP - Futura (3 Week Lead Time) | Laminate 4794 Windswept Bronze,120,144,229.29
 CTOP - Futura (3 Week Lead Time) | Laminate 4795 Windswept Pewter,0,96,152.86
 CTOP - Futura (3 Week Lead Time) | Laminate 4795 Windswept Pewter,96,120,191.08
 CTOP - Futura (3 Week Lead Time) | Laminate 4795 Windswept Pewter,120,144,229.29
 CTOP - Futura (3 Week Lead Time) | Laminate 4882 Oiled Soapstone,0,96,152.86
 CTOP - Futura (3 Week Lead Time) | Laminate 4882 Oiled Soapstone,96,120,191.08
 CTOP - Futura (3 Week Lead Time) | Laminate 4882 Oiled Soapstone,120,144,229.29
 CTOP - Futura (3 Week Lead Time) | Laminate 4883 Sable Soapstone,0,96,152.86
 CTOP - Futura (3 Week Lead Time) | Laminate 4883 Sable Soapstone,96,120,191.08
 CTOP - Futura (3 Week Lead Time) | Laminate 4883 Sable Soapstone,120,144,229.29
 CTOP - Futura (3 Week Lead Time) | Laminate 4884 Flame Soapstone,0,96,152.86
 CTOP - Futura (3 Week Lead Time) | Laminate 4884 Flame Soapstone,96,120,191.08
 CTOP - Futura (3 Week Lead Time) | Laminate 4884 Flame Soapstone,120,144,229.29
 CTOP - Futura (3 Week Lead Time) | Laminate 4885 Green Soapstone,0,96,152.86
 CTOP - Futura (3 Week Lead Time) | Laminate 4885 Green Soapstone,96,120,191.08
 CTOP - Futura (3 Week Lead Time) | Laminate 4885 Green Soapstone,120,144,229.29
 CTOP - Futura (3 Week Lead Time) | Laminate 4886 Pearl Soapstone,0,96,152.86
 CTOP - Futura (3 Week Lead Time) | Laminate 4886 Pearl Soapstone,96,120,191.08
 CTOP - Futura (3 Week Lead Time) | Laminate 4886 Pearl Soapstone,120,144,229.29
 CTOP - Futura (3 Week Lead Time) | Laminate 4887 Tan Soapstone,0,96,152.86
 CTOP - Futura (3 Week Lead Time) | Laminate 4887 Tan Soapstone,96,120,191.08
 CTOP - Futura (3 Week Lead Time) | Laminate 4887 Tan Soapstone,120,144,229.29
 CTOP - Futura (3 Week Lead Time) | Laminate 7921 Tuscan Walnut,0,96,152.86
 CTOP - Futura (3 Week Lead Time) | Laminate 7921 Tuscan Walnut,96,120,191.08
 CTOP - Futura (3 Week Lead Time) | Laminate 7921 Tuscan Walnut,120,144,229.29
 CTOP - Futura (3 Week Lead Time) | Laminate 7942 Cocobala,0,96,167.58
 CTOP - Futura (3 Week Lead Time) | Laminate 7942 Cocobala,96,120,209.48
 CTOP - Futura (3 Week Lead Time) | Laminate 7942 Cocobala,120,144,251.37
 CTOP - Futura (3 Week Lead Time) | Laminate 7948 Mambo,0,96,167.58
 CTOP - Futura (3 Week Lead Time) | Laminate 7948 Mambo,96,120,209.48
 CTOP - Futura (3 Week Lead Time) | Laminate 7948 Mambo,120,144,251.37
 CTOP - Futura (3 Week Lead Time) | Laminate D403 White Sand,0,96,152.86
 CTOP - Futura (3 Week Lead Time) | Laminate D403 White Sand,96,120,191.08
 CTOP - Futura (3 Week Lead Time) | Laminate D403 White Sand,120,144,229.29
 CTOP - Futura (3 Week Lead Time) | Laminate D92 Dove Grey,0,96,152.86
 CTOP - Futura (3 Week Lead Time) | Laminate D92 Dove Grey,96,120,191.08
 CTOP - Futura (3 Week Lead Time) | Laminate D92 Dove Grey,120,144,229.29
 CTOP - Geneva (3 Week Lead Time) | Laminate 10776 Kingstone Maple,0,96,163.62
 CTOP - Geneva (3 Week Lead Time) | Laminate 10776 Kingstone Maple,96,120,204.52
 CTOP - Geneva (3 Week Lead Time) | Laminate 10776 Kingstone Maple,120,144,245.43
 CTOP - Geneva (3 Week Lead Time) | Laminate 1573 Frosty White,0,96,163.62
 CTOP - Geneva (3 Week Lead Time) | Laminate 1573 Frosty White,96,120,204.52
 CTOP - Geneva (3 Week Lead Time) | Laminate 1573 Frosty White,120,144,245.43
 CTOP - Geneva (3 Week Lead Time) | Laminate 1595 Black,0,96,163.62
 CTOP - Geneva (3 Week Lead Time) | Laminate 1595 Black,96,120,204.52
 CTOP - Geneva (3 Week Lead Time) | Laminate 1595 Black,120,144,245.43
 CTOP - Geneva (3 Week Lead Time) | Laminate 4552 Ebony Star,0,96,163.62
 CTOP - Geneva (3 Week Lead Time) | Laminate 4552 Ebony Star,96,120,204.52
 CTOP - Geneva (3 Week Lead Time) | Laminate 4552 Ebony Star,120,144,245.43
 CTOP - Geneva (3 Week Lead Time) | Laminate 4781 Sunstone,0,96,210.04
 CTOP - Geneva (3 Week Lead Time) | Laminate 4781 Sunstone,96,120,262.55
 CTOP - Geneva (3 Week Lead Time) | Laminate 4781 Sunstone,120,144,315.06
 CTOP - Geneva (3 Week Lead Time) | Laminate 4789 Limestone,0,96,210.04
 CTOP - Geneva (3 Week Lead Time) | Laminate 4789 Limestone,96,120,262.55
 CTOP - Geneva (3 Week Lead Time) | Laminate 4789 Limestone,120,144,315.06
 CTOP - Geneva (3 Week Lead Time) | Laminate 4790 Greystone,0,96,210.04
 CTOP - Geneva (3 Week Lead Time) | Laminate 4790 Greystone,96,120,262.55
 CTOP - Geneva (3 Week Lead Time) | Laminate 4790 Greystone,120,144,315.06
 CTOP - Geneva (3 Week Lead Time) | Laminate 4791 Willowstone,0,96,210.04
 CTOP - Geneva (3 Week Lead Time) | Laminate 4791 Willowstone,96,120,262.55
 CTOP - Geneva (3 Week Lead Time) | Laminate 4791 Willowstone,120,144,315.06
 CTOP - Geneva (3 Week Lead Time) | Laminate 4794 Windswept Bronze,0,96,163.62
 CTOP - Geneva (3 Week Lead Time) | Laminate 4794 Windswept Bronze,96,120,204.52
 CTOP - Geneva (3 Week Lead Time) | Laminate 4794 Windswept Bronze,120,144,245.43
 CTOP - Geneva (3 Week Lead Time) | Laminate 4795 Windswept Pewter,0,96,163.62
 CTOP - Geneva (3 Week Lead Time) | Laminate 4795 Windswept Pewter,96,120,204.52
 CTOP - Geneva (3 Week Lead Time) | Laminate 4795 Windswept Pewter,120,144,245.43
 CTOP - Geneva (3 Week Lead Time) | Laminate 4882 Oiled Soapstone,0,96,163.62
 CTOP - Geneva (3 Week Lead Time) | Laminate 4882 Oiled Soapstone,96,120,204.52
 CTOP - Geneva (3 Week Lead Time) | Laminate 4882 Oiled Soapstone,120,144,245.43
 CTOP - Geneva (3 Week Lead Time) | Laminate 4883 Sable Soapstone,0,96,163.62
 CTOP - Geneva (3 Week Lead Time) | Laminate 4883 Sable Soapstone,96,120,204.52
 CTOP - Geneva (3 Week Lead Time) | Laminate 4883 Sable Soapstone,120,144,245.43
 CTOP - Geneva (3 Week Lead Time) | Laminate 4884 Flame Soapstone,0,96,163.62
 CTOP - Geneva (3 Week Lead Time) | Laminate 4884 Flame Soapstone,96,120,204.52
 CTOP - Geneva (3 Week Lead Time) | Laminate 4884 Flame Soapstone,120,144,245.43
 CTOP - Geneva (3 Week Lead Time) | Laminate 4885 Green Soapstone,0,96,163.62
 CTOP - Geneva (3 Week Lead Time) | Laminate 4885 Green Soapstone,96,120,204.52
 CTOP - Geneva (3 Week Lead Time) | Laminate 4885 Green Soapstone,120,144,245.43
 CTOP - Geneva (3 Week Lead Time) | Laminate 4886 Pearl Soapstone,0,96,163.62
 CTOP - Geneva (3 Week Lead Time) | Laminate 4886 Pearl Soapstone,96,120,204.52
 CTOP - Geneva (3 Week Lead Time) | Laminate 4886 Pearl Soapstone,120,144,245.43
 CTOP - Geneva (3 Week Lead Time) | Laminate 4887 Tan Soapstone,0,96,163.62
 CTOP - Geneva (3 Week Lead Time) | Laminate 4887 Tan Soapstone,96,120,204.52
 CTOP - Geneva (3 Week Lead Time) | Laminate 4887 Tan Soapstone,120,144,245.43
 CTOP - Geneva (3 Week Lead Time) | Laminate 7921 Tuscan Walnut,0,96,163.62
 CTOP - Geneva (3 Week Lead Time) | Laminate 7921 Tuscan Walnut,96,120,204.52
 CTOP - Geneva (3 Week Lead Time) | Laminate 7921 Tuscan Walnut,120,144,245.43
 CTOP - Geneva (3 Week Lead Time) | Laminate 7942 Cocobala,0,96,178.34
 CTOP - Geneva (3 Week Lead Time) | Laminate 7942 Cocobala,96,120,222.92
 CTOP - Geneva (3 Week Lead Time) | Laminate 7942 Cocobala,120,144,267.51
 CTOP - Geneva (3 Week Lead Time) | Laminate 7948 Mambo,0,96,178.34
 CTOP - Geneva (3 Week Lead Time) | Laminate 7948 Mambo,96,120,222.92
 CTOP - Geneva (3 Week Lead Time) | Laminate 7948 Mambo,120,144,267.51
 CTOP - Geneva (3 Week Lead Time) | Laminate D403 White Sand,0,96,163.62
 CTOP - Geneva (3 Week Lead Time) | Laminate D403 White Sand,96,120,204.52
 CTOP - Geneva (3 Week Lead Time) | Laminate D403 White Sand,120,144,245.43
 CTOP - Geneva (3 Week Lead Time) | Laminate D92 Dove Grey,0,96,163.62
 CTOP - Geneva (3 Week Lead Time) | Laminate D92 Dove Grey,96,120,204.52
 CTOP - Geneva (3 Week Lead Time) | Laminate D92 Dove Grey,120,144,245.43
 CTOP - Nova (3 Week Lead Time) | Laminate 10776 Kingstone Maple,0,96,152.86
 CTOP - Nova (3 Week Lead Time) | Laminate 10776 Kingstone Maple,96,120,191.08
 CTOP - Nova (3 Week Lead Time) | Laminate 10776 Kingstone Maple,120,144,229.29
 CTOP - Nova (3 Week Lead Time) | Laminate 1573 Frosty White,0,96,152.86
 CTOP - Nova (3 Week Lead Time) | Laminate 1573 Frosty White,96,120,191.08
 CTOP - Nova (3 Week Lead Time) | Laminate 1573 Frosty White,120,144,229.29
 CTOP - Nova (3 Week Lead Time) | Laminate 1595 Black,0,96,152.86
 CTOP - Nova (3 Week Lead Time) | Laminate 1595 Black,96,120,191.08
 CTOP - Nova (3 Week Lead Time) | Laminate 1595 Black,120,144,229.29
 CTOP - Nova (3 Week Lead Time) | Laminate 4552 Ebony Star,0,96,152.86
 CTOP - Nova (3 Week Lead Time) | Laminate 4552 Ebony Star,96,120,191.08
 CTOP - Nova (3 Week Lead Time) | Laminate 4552 Ebony Star,120,144,229.29
 CTOP - Nova (3 Week Lead Time) | Laminate 4781 Sunstone,0,96,193.62
 CTOP - Nova (3 Week Lead Time) | Laminate 4781 Sunstone,96,120,242.03
 CTOP - Nova (3 Week Lead Time) | Laminate 4781 Sunstone,120,144,290.44
 CTOP - Nova (3 Week Lead Time) | Laminate 4789 Limestone,0,96,193.62
 CTOP - Nova (3 Week Lead Time) | Laminate 4789 Limestone,96,120,242.03
 CTOP - Nova (3 Week Lead Time) | Laminate 4789 Limestone,120,144,290.44
 CTOP - Nova (3 Week Lead Time) | Laminate 4790 Greystone,0,96,193.62
 CTOP - Nova (3 Week Lead Time) | Laminate 4790 Greystone,96,120,242.03
 CTOP - Nova (3 Week Lead Time) | Laminate 4790 Greystone,120,144,290.44
 CTOP - Nova (3 Week Lead Time) | Laminate 4791 Willowstone,0,96,193.62
 CTOP - Nova (3 Week Lead Time) | Laminate 4791 Willowstone,96,120,242.03
 CTOP - Nova (3 Week Lead Time) | Laminate 4791 Willowstone,120,144,290.44
 CTOP - Nova (3 Week Lead Time) | Laminate 4794 Windswept Bronze,0,96,152.86
 CTOP - Nova (3 Week Lead Time) | Laminate 4794 Windswept Bronze,96,120,191.08
 CTOP - Nova (3 Week Lead Time) | Laminate 4794 Windswept Bronze,120,144,229.29
 CTOP - Nova (3 Week Lead Time) | Laminate 4795 Windswept Pewter,0,96,152.86
 CTOP - Nova (3 Week Lead Time) | Laminate 4795 Windswept Pewter,96,120,191.08
 CTOP - Nova (3 Week Lead Time) | Laminate 4795 Windswept Pewter,120,144,229.29
 CTOP - Nova (3 Week Lead Time) | Laminate 4882 Oiled Soapstone,0,96,152.86
 CTOP - Nova (3 Week Lead Time) | Laminate 4882 Oiled Soapstone,96,120,191.08
 CTOP - Nova (3 Week Lead Time) | Laminate 4882 Oiled Soapstone,120,144,229.29
 CTOP - Nova (3 Week Lead Time) | Laminate 4883 Sable Soapstone,0,96,152.86
 CTOP - Nova (3 Week Lead Time) | Laminate 4883 Sable Soapstone,96,120,191.08
 CTOP - Nova (3 Week Lead Time) | Laminate 4883 Sable Soapstone,120,144,229.29
 CTOP - Nova (3 Week Lead Time) | Laminate 4884 Flame Soapstone,0,96,152.86
 CTOP - Nova (3 Week Lead Time) | Laminate 4884 Flame Soapstone,96,120,191.08
 CTOP - Nova (3 Week Lead Time) | Laminate 4884 Flame Soapstone,120,144,229.29
 CTOP - Nova (3 Week Lead Time) | Laminate 4885 Green Soapstone,0,96,152.86
 CTOP - Nova (3 Week Lead Time) | Laminate 4885 Green Soapstone,96,120,191.08
 CTOP - Nova (3 Week Lead Time) | Laminate 4885 Green Soapstone,120,144,229.29
 CTOP - Nova (3 Week Lead Time) | Laminate 4886 Pearl Soapstone,0,96,152.86
 CTOP - Nova (3 Week Lead Time) | Laminate 4886 Pearl Soapstone,96,120,191.08
 CTOP - Nova (3 Week Lead Time) | Laminate 4886 Pearl Soapstone,120,144,229.29
 CTOP - Nova (3 Week Lead Time) | Laminate 4887 Tan Soapstone,0,96,152.86
 CTOP - Nova (3 Week Lead Time) | Laminate 4887 Tan Soapstone,96,120,191.08
 CTOP - Nova (3 Week Lead Time) | Laminate 4887 Tan Soapstone,120,144,229.29
 CTOP - Nova (3 Week Lead Time) | Laminate 7921 Tuscan Walnut,0,96,152.86
 CTOP - Nova (3 Week Lead Time) | Laminate 7921 Tuscan Walnut,96,120,191.08
 CTOP - Nova (3 Week Lead Time) | Laminate 7921 Tuscan Walnut,120,144,229.29
 CTOP - Nova (3 Week Lead Time) | Laminate 7942 Cocobala,0,96,167.58
 CTOP - Nova (3 Week Lead Time) | Laminate 7942 Cocobala,96,120,209.48
 CTOP - Nova (3 Week Lead Time) | Laminate 7942 Cocobala,120,144,251.37
 CTOP - Nova (3 Week Lead Time) | Laminate 7948 Mambo,0,96,167.58
 CTOP - Nova (3 Week Lead Time) | Laminate 7948 Mambo,96,120,209.48
 CTOP - Nova (3 Week Lead Time) | Laminate 7948 Mambo,120,144,251.37
 CTOP - Nova (3 Week Lead Time) | Laminate D403 White Sand,0,96,152.86
 CTOP - Nova (3 Week Lead Time) | Laminate D403 White Sand,96,120,191.08
 CTOP - Nova (3 Week Lead Time) | Laminate D403 White Sand,120,144,229.29
 CTOP - Nova (3 Week Lead Time) | Laminate D92 Dove Grey,0,96,152.86
 CTOP - Nova (3 Week Lead Time) | Laminate D92 Dove Grey,96,120,191.08
 CTOP - Nova (3 Week Lead Time) | Laminate D92 Dove Grey,120,144,229.29
 CTOP - Tempo (3 Week Lead Time) | Laminate 10776 Kingstone Maple,0,96,134.74
 CTOP - Tempo (3 Week Lead Time) | Laminate 10776 Kingstone Maple,96,120,168.43
 CTOP - Tempo (3 Week Lead Time) | Laminate 10776 Kingstone Maple,120,144,202.12
 CTOP - Tempo (3 Week Lead Time) | Laminate 1573 Frosty White,0,96,134.74
 CTOP - Tempo (3 Week Lead Time) | Laminate 1573 Frosty White,96,120,168.43
 CTOP - Tempo (3 Week Lead Time) | Laminate 1573 Frosty White,120,144,202.12
 CTOP - Tempo (3 Week Lead Time) | Laminate 1595 Black,0,96,134.74
 CTOP - Tempo (3 Week Lead Time) | Laminate 1595 Black,96,120,168.43
 CTOP - Tempo (3 Week Lead Time) | Laminate 1595 Black,120,144,202.12
 CTOP - Tempo (3 Week Lead Time) | Laminate 4781 Sunstone,0,96,171.54
 CTOP - Tempo (3 Week Lead Time) | Laminate 4781 Sunstone,96,120,214.43
 CTOP - Tempo (3 Week Lead Time) | Laminate 4781 Sunstone,120,144,257.32
 CTOP - Tempo (3 Week Lead Time) | Laminate 4789 Limestone,0,96,171.54
 CTOP - Tempo (3 Week Lead Time) | Laminate 4789 Limestone,96,120,214.43
 CTOP - Tempo (3 Week Lead Time) | Laminate 4789 Limestone,120,144,257.32
 CTOP - Tempo (3 Week Lead Time) | Laminate 4790 Greystone,0,96,171.54
 CTOP - Tempo (3 Week Lead Time) | Laminate 4790 Greystone,96,120,214.43
 CTOP - Tempo (3 Week Lead Time) | Laminate 4790 Greystone,120,144,257.32
 CTOP - Tempo (3 Week Lead Time) | Laminate 4791 Willowstone,0,96,171.54
 CTOP - Tempo (3 Week Lead Time) | Laminate 4791 Willowstone,96,120,214.43
 CTOP - Tempo (3 Week Lead Time) | Laminate 4791 Willowstone,120,144,257.32
 CTOP - Tempo (3 Week Lead Time) | Laminate 4882 Oiled Soapstone,0,96,134.74
 CTOP - Tempo (3 Week Lead Time) | Laminate 4882 Oiled Soapstone,96,120,168.43
 CTOP - Tempo (3 Week Lead Time) | Laminate 4882 Oiled Soapstone,120,144,202.12
 CTOP - Tempo (3 Week Lead Time) | Laminate 4884 Flame Soapstone,0,96,134.74
 CTOP - Tempo (3 Week Lead Time) | Laminate 4884 Flame Soapstone,96,120,168.43
 CTOP - Tempo (3 Week Lead Time) | Laminate 4884 Flame Soapstone,120,144,202.12
 CTOP - Tempo (3 Week Lead Time) | Laminate 7921 Tuscan Walnut,0,96,134.74
 CTOP - Tempo (3 Week Lead Time) | Laminate 7921 Tuscan Walnut,96,120,168.43
 CTOP - Tempo (3 Week Lead Time) | Laminate 7921 Tuscan Walnut,120,144,202.12
 CTOP - Tempo (3 Week Lead Time) | Laminate 7942 Cocobala,0,96,148.33
 CTOP - Tempo (3 Week Lead Time) | Laminate 7942 Cocobala,96,120,185.42
 CTOP - Tempo (3 Week Lead Time) | Laminate 7942 Cocobala,120,144,222.50
 CTOP - Tempo (3 Week Lead Time) | Laminate 7948 Mambo,0,96,148.33
 CTOP - Tempo (3 Week Lead Time) | Laminate 7948 Mambo,96,120,185.42
 CTOP - Tempo (3 Week Lead Time) | Laminate 7948 Mambo,120,144,222.50
 CTOP - Tempo (3 Week Lead Time) | Laminate D403 White Sand,0,96,134.74
 CTOP - Tempo (3 Week Lead Time) | Laminate D403 White Sand,96,120,168.43
 CTOP - Tempo (3 Week Lead Time) | Laminate D403 White Sand,120,144,202.12
 CTOP - Tempo (3 Week Lead Time) | Laminate D92 Dove Grey,0,96,134.74
 CTOP - Tempo (3 Week Lead Time) | Laminate D92 Dove Grey,96,120,168.43
 CTOP - Tempo (3 Week Lead Time) | Laminate D92 Dove Grey,120,144,202.12
 CTOP - Tempo | Laminate 4552 Ebony Star,0,72,101.06
 CTOP - Tempo | Laminate 4552 Ebony Star,72,96,134.74
 CTOP - Tempo | Laminate 4552 Ebony Star,96,144,202.12
 CTOP - Tempo | Laminate 4794 Windswept Bronze,0,72,101.06
 CTOP - Tempo | Laminate 4794 Windswept Bronze,72,96,134.74
 CTOP - Tempo | Laminate 4794 Windswept Bronze,96,144,202.12
 CTOP - Tempo | Laminate 4795 Windswept Pewter,0,72,101.06
 CTOP - Tempo | Laminate 4795 Windswept Pewter,72,96,134.74
 CTOP - Tempo | Laminate 4795 Windswept Pewter,96,144,202.12
 CTOP - Tempo | Laminate 4883 Sable Soapstone,0,72,101.06
 CTOP - Tempo | Laminate 4883 Sable Soapstone,72,96,134.74
 CTOP - Tempo | Laminate 4883 Sable Soapstone,96,144,202.12
 CTOP - Tempo | Laminate 4885 Green Soapstone,0,72,101.06
 CTOP - Tempo | Laminate 4885 Green Soapstone,72,96,134.74
 CTOP - Tempo | Laminate 4885 Green Soapstone,96,144,202.12
 CTOP - Tempo | Laminate 4886 Pearl Soapstone,0,72,101.06
 CTOP - Tempo | Laminate 4886 Pearl Soapstone,72,96,134.74
 CTOP - Tempo | Laminate 4886 Pearl Soapstone,96,144,202.12
 CTOP - Tempo | Laminate 4887 Tan Soapstone,0,72,101.06
 CTOP - Tempo | Laminate 4887 Tan Soapstone,72,96,134.74
 CTOP - Tempo | Laminate 4887 Tan Soapstone,96,144,202.12
