"Premium Door JR7, White, Door","JR7, White-949T, Door #727","9.65","sq.ft.","0.00","ea.",0.25,"ea.",11.75,"sq.ft.","0.00","ea.",0.25,"ea."
"Premium Door JR7, White, Routed Drawer Front","JR7, White-949T, Routed DF #727R","9.65","sq.ft.","5.00","ea.",0.25,"ea.",9.25,"sq.ft.","10.00","ea.",0.25,"ea."
"Premium Door JR7, White, Slab Drawer Front","JR7, White-949T, Slab DF #727D","7.60","sq.ft.","0.00","ea.",0.25,"ea.",9.25,"sq.ft.","0.00","ea.",0.25,"ea."
"Premium Door JR7, White, Cut for Glass Door","JR7, White-949T, Cut for Glass #727G","9.65","sq.ft.","15.00","ea.",0.25,"ea.",11.75,"sq.ft.","15.00","ea.",0.25,"ea."
"Premium Door JR7, White, French Lite Door","JR7, White-949T, French Lite Door #727F","9.65","sq.ft.","7.50","ea.",0.25,"ea.",11.75,"sq.ft.","7.50","ea.",0.25,"ea."
"Premium Door DR1, White, Door","DR1, White-949T, Door #112",10.60,"sq.ft.","0.00","ea.",0.25,"ea.",13.25,"sq.ft.","0.00","ea.",0.25,"ea."
"Premium Door DR1, White, Routed Drawer Front","DR1, White-949T, Routed DF #112R",10.60,"sq.ft.","5.00","ea.",0.25,"ea.",9.25,"sq.ft.","10.00","ea.",0.25,"ea."
"Premium Door DR1, White, Slab Drawer Front","DR1, White-949T, Slab DF #112D",7.60,"sq.ft.","0.00","ea.",0.25,"ea.",9.25,"sq.ft.","0.00","ea.",0.25,"ea."
"Premium Door DR1, White, Cut for Glass Door","DR1, White-949T, Cut for Glass #112G",10.60,"sq.ft.","15.00","ea.",0.25,"ea.",13.25,"sq.ft.","15.00","ea.",0.25,"ea."
"Premium Door DR1, White, French Lite Door","DR1, White-949T, French Lite #112F",10.60,"sq.ft.","7.50","ea.",0.25,"ea.",13.25,"sq.ft.","7.50","ea.",0.25,"ea."
"Premium Door AMS329, White, Door","AMS329, White-949T, Door #329",13.30,"sq.ft.","0.00","ea.",0.25,"ea.",16.20,"sq.ft.","0.00","ea.",0.25,"ea."
"Premium Door AMS329, White, Routed Drawer Front","AMS329, White-949T, Routed DF #329R",13.30,"sq.ft.","5.00","ea.",0.25,"ea.",16.20,"sq.ft.","15.00","ea.",0.25,"ea."
"Premium Door AMS329, White, Slab Drawer Front","AMS329, White-949T, Slab DF #329D",7.60,"sq.ft.","0.00","ea.",0.25,"ea.",9.25,"sq.ft.","0.00","ea.",0.25,"ea."
"Premium Door AMS329, White, Cut for Glass Door","AMS329, White-949T, Cut for Glass #329G",13.30,"sq.ft.","15.00","ea.",0.25,"ea.",16.20,"sq.ft.","15.00","ea.",0.25,"ea."
"Premium Door AMS329, White, French Lite Door","AMS329, White-949T, French Lite Door #329F",13.30,"sq.ft.","7.50","ea.",0.25,"ea.",16.20,"sq.ft.","7.50","ea.",0.25,"ea."
"Premium Door KB732, White, Door","KB732, White-949T, Door #732",6.00,"sq.ft.","0.00","ea.",0.25,"ea.",9.25,"sq.ft.","0.00","ea.",0.25,"ea."
"Premium Door KB732, White, Slab Drawer Front","KB732, White-949T, Slab DF #732D",7.60,"sq.ft.","0.00","ea.",0.25,"ea.",9.25,"sq.ft.","0.00","ea.",0.25,"ea."
"Premium Door KB732, White, Cut for Glass Door","KB732, White-949T, Cut for Glass #732G",6.00,"sq.ft.","15.00","ea.",0.25,"ea.",9.25,"sq.ft.","15.00","ea.",0.25,"ea."
"Premium Door KB732, White, French Lite Door","KB732, White-949T, French Lite Door #7732F",6.00,"sq.ft.","7.50","ea.",0.25,"ea.",9.25,"sq.ft.","7.50","ea.",0.25,"ea."
"Premium Door DBQ, White, Door","DBQ816, White-949T, Door #816",6.00,"sq.ft.","0.00","ea.",0.25,"ea.",8.20,"sq.ft.","0.00","ea.",0.25,"ea."
"Premium Door DBQ, White, Slab Drawer Front","DBQ816, White-949T, Slab DF #816D",7.60,"sq.ft.","0.00","ea.",0.25,"ea.",9.25,"sq.ft.","0.00","ea.",0.25,"ea."
"Premium Door DBQ, White, Cut for Glass Door","DBQ816, White-949T, Cut for Glass #816G",6.00,"sq.ft.","15.00","ea.",0.25,"ea.",8.20,"sq.ft.","15.00","ea.",0.25,"ea."
"Premium Door DBQ, White, French Lite Door","DBQ816, White-949T, French Lite #816F",6.00,"sq.ft.","7.50","ea.",0.25,"ea.",8.20,"sq.ft.","7.50","ea.",0.25,"ea."
"Premium Door DR8, White, Door","DR8, White-949T, Door #785",6.00,"sq.ft.","0.00","ea.",0.25,"ea.",8.20,"sq.ft.","0.00","ea.",0.25,"ea."
"Premium Door DR8, White, Routed Drawer Front","DR8, White-949T, Routed DF #785R",6.00,"sq.ft.","5.00","ea.",0.25,"ea.",9.25,"sq.ft.","5.00","ea.",0.25,"ea."
"Premium Door DR8, White, Slab Drawer Front","DR8, White-949T, Slab DF #785D",7.60,"sq.ft.","0.00","ea.",0.25,"ea.",9.25,"sq.ft.","0.00","ea.",0.25,"ea."
"Premium Door DR8, White, Cut for Glass Door","DR8, White-949T, Cut for Glass #785G",6.00,"sq.ft.","15.00","ea.",0.25,"ea.",8.20,"sq.ft.","15.00","ea.",0.25,"ea."
"Premium Door DR8, White, French Lite Door","DR8, White-949T, French Lite Door #785F",6.00,"sq.ft.","7.50","ea.",0.25,"ea.",8.20,"sq.ft.","7.50","ea.",0.25,"ea."
"Premium Door DRS131, White, Door","DRS131, White-949T, Door #131",10.60,"sq.ft.","0.00","ea.",0.25,"ea.",13.25,"sq.ft.","0.00","ea.",0.25,"ea."
"Premium Door DRS131, White, Routed Drawer Front","DRS131, White-949T, Routed DF #131R",10.60,"sq.ft.","5.00","ea.",0.25,"ea.",9.25,"sq.ft.","10.00","ea.",0.25,"ea."
"Premium Door DRS131, White, Slab Drawer Front","DRS131, White-949T, Slab DF #131D",7.60,"sq.ft.","0.00","ea.",0.25,"ea.",9.25,"sq.ft.","0.00","ea.",0.25,"ea."
"Premium Door DRS131, White, Cut for Glass Door","DRS131, White-949T, Cut for Glass #131G",10.60,"sq.ft.","15.00","ea.",0.25,"ea.",13.25,"sq.ft.","15.00","ea.",0.25,"ea."
"Premium Door DRS131, White, French Lite Door","DRS131, White-949T, French Lite Door #131F",10.60,"sq.ft.","7.50","ea.",0.25,"ea.",13.25,"sq.ft.","7.50","ea.",0.25,"ea."
"Crown Molding, White, 3-3/4""","Crown Molding, White-949T, 3-3/4"", 423-8, #3003",14.50,"ea.","10.00","ea.",0.25,"ea.",16.10,"ea.","0.00","ea.",0.25,"ea."
"Crown Molding, White, 4-1/2""","Crown Molding, White-949T, 4-1/2"", 424-8, #3004",14.00,"ea.","10.00","ea.",0.25,"ea.",17.65,"ea.","0.00","ea.",0.25,"ea."
"Base Molding, White, 2-1/2""","Base Molding, White-949T, 2-1/2"", 426-8, #3007",9.30,"ea.","10.00","ea.",0.25,"ea.",10.30,"ea.","0.00","ea.",0.25,"ea."
"Scribe Molding, White, 1""","Scribe Molding, White-949T, 1"", 428-8, #3012",5.85,"ea.","10.00","ea.",0.25,"ea.",6.50,"ea.","0.00","ea.",0.25,"ea."
"Fluted Molding, White, 3-1/2""","Fluted Molding, White-949T, 3-1/2"", 431-8, #3013",18.85,"ea.","10.00","ea.",0.25,"ea.",20.95,"ea.","0.00","ea.",0.25,"ea."
"Filler A","Filler A, White-949T, 471, #3250",8.10,"ea.","0.00","ea.",10.00,"ea.",9.00,"ea.","0.00","ea.",0.25,"ea."
"Filler B","Filler A, White-949T, 472, #3251",8.10,"ea.","0.00","ea.",10.00,"ea.",9.00,"ea.","0.00","ea.",0.25,"ea."
"Filler C","Filler A, White-949T, 469, #3255",8.10,"ea.","15.00","ea.",10.00,"ea.",9.00,"ea.","15.00","ea.",0.25,"ea."
"Premium Door JR7, Antique White, Door","JR7, Antique White-ANWM, Door #727","10.45","sq.ft.","0.00","ea.",0.25,"ea.","12.75","sq.ft.","0.00","ea.",0.25,"ea."
"Premium Door JR7, Antique White, Routed Drawer Front","JR7, Antique White-ANWM, Routed DF #727R","10.45","sq.ft.","5.00","ea.",0.25,"ea.","10.25","sq.ft.","10.00","ea.",0.25,"ea."
"Premium Door JR7, Antique White, Slab Drawer Front","JR7, Antique White-ANWM, Slab DF #727D","8.40","sq.ft.","0.00","ea.",0.25,"ea.","10.25","sq.ft.","0.00","ea.",0.25,"ea."
"Premium Door JR7, Antique White, Cut for Glass Door","JR7, Antique White-ANWM, Cut for Glass #727G","10.45","sq.ft.","15.00","ea.",0.25,"ea.","12.75","sq.ft.","15.00","ea.",0.25,"ea."
"Premium Door JR7, Antique White, French Lite Door","JR7, Antique White-ANWM, French Lite Door #727F","10.45","sq.ft.","7.50","ea.",0.25,"ea.","12.75","sq.ft.","7.50","ea.",0.25,"ea."
"Premium Door DR1, Antique White, Door","DR1, Antique White-ANWM, Door #112","12.00","sq.ft.","0.00","ea.",0.25,"ea.","14.25","sq.ft.","0.00","ea.",0.25,"ea."
"Premium Door DR1, Antique White, Routed Drawer Front","DR1, Antique White-ANWM, Routed DF #112R","12.00","sq.ft.","5.00","ea.",0.25,"ea.","10.25","sq.ft.","10.00","ea.",0.25,"ea."
"Premium Door DR1, Antique White, Slab Drawer Front","DR1, Antique White-ANWM, Slab DF #112D","8.40","sq.ft.","0.00","ea.",0.25,"ea.","10.25","sq.ft.","0.00","ea.",0.25,"ea."
"Premium Door DR1, Antique White, Cut for Glass Door","DR1, Antique White-ANWM, Cut for Glass #112G","12.00","sq.ft.","15.00","ea.",0.25,"ea.","14.25","sq.ft.","15.00","ea.",0.25,"ea."
"Premium Door DR1, Antique White, French Lite Door","DR1, Antique White-ANWM, French Lite #112F","12.00","sq.ft.","7.50","ea.",0.25,"ea.","14.25","sq.ft.","7.50","ea.",0.25,"ea."
"Premium Door AMS329, Antique White, Door","AMS329, Antique White-ANWM, Door #329","14.10","sq.ft.","0.00","ea.",0.25,"ea.","17.20","sq.ft.","0.00","ea.",0.25,"ea."
"Premium Door AMS329, Antique White, Routed Drawer Front","AMS329, Antique White-ANWM, Routed DF #329R","14.10","sq.ft.","5.00","ea.",0.25,"ea.","17.20","sq.ft.","15.00","ea.",0.25,"ea."
"Premium Door AMS329, Antique White, Slab Drawer Front","AMS329, Antique White-ANWM, Slab DF #329D","8.40","sq.ft.","0.00","ea.",0.25,"ea.","10.25","sq.ft.","0.00","ea.",0.25,"ea."
"Premium Door AMS329, Antique White, Cut for Glass Door","AMS329, Antique White-ANWM, Cut for Glass #329G","14.10","sq.ft.","15.00","ea.",0.25,"ea.","17.20","sq.ft.","15.00","ea.",0.25,"ea."
"Premium Door AMS329, Antique White, French Lite Door","AMS329, Antique White-ANWM, French Lite Door #329F","14.10","sq.ft.","7.50","ea.",0.25,"ea.","17.20","sq.ft.","7.50","ea.",0.25,"ea."
"Premium Door KB732, Antique White, Door","KB732, Antique White-ANWM, Door #732","6.65","sq.ft.","0.00","ea.",0.25,"ea.","10.25","sq.ft.","0.00","ea.",0.25,"ea."
"Premium Door KB732, Antique White, Slab Drawer Front","KB732, Antique White-ANWM, Slab DF #732D","8.4","sq.ft.","0.00","ea.",0.25,"ea.","10.25","sq.ft.","0.00","ea.",0.25,"ea."
"Premium Door KB732, Antique White, Cut for Glass Door","KB732, Antique White-ANWM, Cut for Glass #732G","6.65","sq.ft.","15.00","ea.",0.25,"ea.","10.25","sq.ft.","15.00","ea.",0.25,"ea."
"Premium Door KB732, Antique White, French Lite Door","KB732, Antique White-ANWM, French Lite Door #7732F","6.65","sq.ft.","7.50","ea.",0.25,"ea.","10.25","sq.ft.","7.50","ea.",0.25,"ea."
"Premium Door DBQ, Antique White, Door","DBQ816, Antique White-ANWM, Door #816","6.65","sq.ft.","0.00","ea.",0.25,"ea.","9.20","sq.ft.","0.00","ea.",0.25,"ea."
"Premium Door DBQ, Antique White, Slab Drawer Front","DBQ816, Antique White-ANWM, Slab DF #816D","8.4","sq.ft.","0.00","ea.",0.25,"ea.","10.25","sq.ft.","0.00","ea.",0.25,"ea."
"Premium Door DBQ, Antique White, Cut for Glass Door","DBQ816, Antique White-ANWM, Cut for Glass #816G","6.65","sq.ft.","15.00","ea.",0.25,"ea.","9.20","sq.ft.","15.00","ea.",0.25,"ea."
"Premium Door DBQ, Antique White, French Lite Door","DBQ816, Antique White-ANWM, French Lite #816F","6.65","sq.ft.","7.50","ea.",0.25,"ea.","9.20","sq.ft.","7.50","ea.",0.25,"ea."
"Premium Door DR8, Antique White, Door","DR8, Antique White-ANWM, Door #785","6.65","sq.ft.","0.00","ea.",0.25,"ea.","9.20","sq.ft.","0.00","ea.",0.25,"ea."
"Premium Door DR8, Antique White, Routed Drawer Front","DR8, Antique White-ANWM, Routed DF #785R","6.65","sq.ft.","5.00","ea.",0.25,"ea.","10.25","sq.ft.","5.00","ea.",0.25,"ea."
"Premium Door DR8, Antique White, Slab Drawer Front","DR8, Antique White-ANWM, Slab DF #785D","8.40","sq.ft.","0.00","ea.",0.25,"ea.","10.25","sq.ft.","0.00","ea.",0.25,"ea."
"Premium Door DR8, Antique White, Cut for Glass Door","DR8, Antique White-ANWM, Cut for Glass #785G","6.65","sq.ft.","15.00","ea.",0.25,"ea.","9.20","sq.ft.","15.00","ea.",0.25,"ea."
"Premium Door DR8, Antique White, French Lite Door","DR8, Antique White-ANWM, French Lite Door #785F","6.65","sq.ft.","7.50","ea.",0.25,"ea.","9.20","sq.ft.","7.50","ea.",0.25,"ea."
"Premium Door DRS131, Antique White, Door","DRS131, Antique White-ANWM, Door #131","12.00","sq.ft.","0.00","ea.",0.25,"ea.","14.25","sq.ft.","0.00","ea.",0.25,"ea."
"Premium Door DRS131, Antique White, Routed Drawer Front","DRS131, Antique White-ANWM, Routed DF #131R","12.00","sq.ft.","5.00","ea.",0.25,"ea.","10.25","sq.ft.","10.00","ea.",0.25,"ea."
"Premium Door DRS131, Antique White, Slab Drawer Front","DRS131, Antique White-ANWM, Slab DF #131D","8.40","sq.ft.","0.00","ea.",0.25,"ea.","10.25","sq.ft.","0.00","ea.",0.25,"ea."
"Premium Door DRS131, Antique White, Cut for Glass Door","DRS131, Antique White-ANWM, Cut for Glass #131G","12.00","sq.ft.","15.00","ea.",0.25,"ea.","14.25","sq.ft.","15.00","ea.",0.25,"ea."
"Premium Door DRS131, Antique White, French Lite Door","DRS131, Antique White-ANWM, French Lite Door #131F","12.00","sq.ft.","7.50","ea.",0.25,"ea.","14.25","sq.ft.","7.50","ea.",0.25,"ea."
"Crown Molding, Antique White, 3-3/4""","Crown Molding, Antique White-ANWM, 3-3/4"", 423-8, #3003",15.6,"ea.","10.00","ea.",0.25,"ea.",17.30,"ea.","0.00","ea.",0.25,"ea."
"Crown Molding, Antique White, 4-1/2""","Crown Molding, Antique White-ANWM, 4-1/2"", 424-8, #3004",15.9,"ea.","10.00","ea.",0.25,"ea.",18.95,"ea.","0.00","ea.",0.25,"ea."
"Base Molding, Antique White, 2-1/2""","Base Molding, Antique White-ANWM, 2-1/2"", 426-8, #3007",10.05,"ea.","10.00","ea.",0.25,"ea.",11.15,"ea.","0.00","ea.",0.25,"ea."
"Scribe Molding, Antique White, 1""","Scribe Molding, Antique White-ANWM, 1"", 428-8, #3012",6.25,"ea.","10.00","ea.",0.25,"ea.",6.95,"ea.","0.00","ea.",0.25,"ea."
"Fluted Molding, Antique White, 3-1/2""","Fluted Molding, Antique White-ANWM, 3-1/2"", 431-8, #3013",19.75,"ea.","10.00","ea.",0.25,"ea.",21.95,"ea.","0.00","ea.",0.25,"ea."
"Filler A","Filler A, Antique White-ANWM, 471, #3250",9.00,"ea.","0.00","ea.",10.00,"ea.",10.00,"ea.","0.00","ea.",0.25,"ea."
"Filler B","Filler A, Antique White-ANWM, 472, #3251",9.00,"ea.","0.00","ea.",10.00,"ea.",10.00,"ea.","0.00","ea.",0.25,"ea."
"Filler C","Filler A, Antique White-ANWM, 469, #3255",9.00,"ea.","15.00","ea.",10.00,"ea.",10.00,"ea.","15.00","ea.",0.25,"ea."
"Premium Door JR7, Folkstone Grey, Door","JR7, Folkstone Grey-FGFM, Door #727","10.45","sq.ft.","0.00","ea.",0.25,"ea.","12.75","sq.ft.","0.00","ea.",0.25,"ea."
"Premium Door JR7, Folkstone Grey, Routed Drawer Front","JR7, Folkstone Grey-FGFM, Routed DF #727R","10.45","sq.ft.","5.00","ea.",0.25,"ea.","10.25","sq.ft.","10.00","ea.",0.25,"ea."
"Premium Door JR7, Folkstone Grey, Slab Drawer Front","JR7, Folkstone Grey-FGFM, Slab DF #727D","8.40","sq.ft.","0.00","ea.",0.25,"ea.","10.25","sq.ft.","0.00","ea.",0.25,"ea."
"Premium Door JR7, Folkstone Grey, Cut for Glass Door","JR7, Folkstone Grey-FGFM, Cut for Glass #727G","10.45","sq.ft.","15.00","ea.",0.25,"ea.","12.75","sq.ft.","15.00","ea.",0.25,"ea."
"Premium Door JR7, Folkstone Grey, French Lite Door","JR7, Folkstone Grey-FGFM, French Lite Door #727F","10.45","sq.ft.","7.50","ea.",0.25,"ea.","12.75","sq.ft.","7.50","ea.",0.25,"ea."
"Premium Door DR1, Folkstone Grey, Door","DR1, Folkstone Grey-FGFM, Door #112","12.00","sq.ft.","0.00","ea.",0.25,"ea.","14.25","sq.ft.","0.00","ea.",0.25,"ea."
"Premium Door DR1, Folkstone Grey, Routed Drawer Front","DR1, Folkstone Grey-FGFM, Routed DF #112R","12.00","sq.ft.","5.00","ea.",0.25,"ea.","10.25","sq.ft.","10.00","ea.",0.25,"ea."
"Premium Door DR1, Folkstone Grey, Slab Drawer Front","DR1, Folkstone Grey-FGFM, Slab DF #112D","8.40","sq.ft.","0.00","ea.",0.25,"ea.","10.25","sq.ft.","0.00","ea.",0.25,"ea."
"Premium Door DR1, Folkstone Grey, Cut for Glass Door","DR1, Folkstone Grey-FGFM, Cut for Glass #112G","12.00","sq.ft.","15.00","ea.",0.25,"ea.","14.25","sq.ft.","15.00","ea.",0.25,"ea."
"Premium Door DR1, Folkstone Grey, French Lite Door","DR1, Folkstone Grey-FGFM, French Lite #112F","12.00","sq.ft.","7.50","ea.",0.25,"ea.","14.25","sq.ft.","7.50","ea.",0.25,"ea."
"Premium Door AMS329, Folkstone Grey, Door","AMS329, Folkstone Grey-FGFM, Door #329","14.10","sq.ft.","0.00","ea.",0.25,"ea.","17.20","sq.ft.","0.00","ea.",0.25,"ea."
"Premium Door AMS329, Folkstone Grey, Routed Drawer Front","AMS329, Folkstone Grey-FGFM, Routed DF #329R","14.10","sq.ft.","5.00","ea.",0.25,"ea.","17.20","sq.ft.","15.00","ea.",0.25,"ea."
"Premium Door AMS329, Folkstone Grey, Slab Drawer Front","AMS329, Folkstone Grey-FGFM, Slab DF #329D","8.40","sq.ft.","0.00","ea.",0.25,"ea.","10.25","sq.ft.","0.00","ea.",0.25,"ea."
"Premium Door AMS329, Folkstone Grey, Cut for Glass Door","AMS329, Folkstone Grey-FGFMM, Cut for Glass #329G","14.10","sq.ft.","15.00","ea.",0.25,"ea.","17.20","sq.ft.","15.00","ea.",0.25,"ea."
"Premium Door AMS329, Folkstone Grey, French Lite Door","AMS329, Folkstone Grey-FGFM, French Lite Door #329F","14.10","sq.ft.","7.50","ea.",0.25,"ea.","17.20","sq.ft.","7.50","ea.",0.25,"ea."
"Premium Door KB732, Folkstone Grey, Door","KB732, Folkstone Grey-FGFM, Door #732","6.65","sq.ft.","0.00","ea.",0.25,"ea.","10.25","sq.ft.","0.00","ea.",0.25,"ea."
"Premium Door KB732, Folkstone Grey, Slab Drawer Front","KB732, Folkstone Grey-FGFM, Slab DF #732D","8.40","sq.ft.","0.00","ea.",0.25,"ea.","10.25","sq.ft.","0.00","ea.",0.25,"ea."
"Premium Door KB732, Folkstone Grey, Cut for Glass Door","KB732, Folkstone Grey-FGFM, Cut for Glass #732G","6.65","sq.ft.","15.00","ea.",0.25,"ea.","10.25","sq.ft.","15.00","ea.",0.25,"ea."
"Premium Door KB732, Folkstone Grey, French Lite Door","KB732, Folkstone Grey-FGFM, French Lite Door #7732F","6.65","sq.ft.","7.50","ea.",0.25,"ea.","10.25","sq.ft.","7.50","ea.",0.25,"ea."
"Premium Door DBQ, Folkstone Grey, Door","DBQ816, Folkstone Grey-FGFM, Door #816","6.65","sq.ft.","0.00","ea.",0.25,"ea.","9.20","sq.ft.","0.00","ea.",0.25,"ea."
"Premium Door DBQ, Folkstone Grey, Slab Drawer Front","DBQ816, Folkstone Grey-FGFM, Slab DF #816D","8.40","sq.ft.","0.00","ea.",0.25,"ea.","10.25","sq.ft.","0.00","ea.",0.25,"ea."
"Premium Door DBQ, Folkstone Grey, Cut for Glass Door","DBQ816, Folkstone Grey-FGFM, Cut for Glass #816G","6.65","sq.ft.","15.00","ea.",0.25,"ea.","9.20","sq.ft.","15.00","ea.",0.25,"ea."
"Premium Door DBQ, Folkstone Grey, French Lite Door","DBQ816, Folkstone Grey-FGFM, French Lite #816F","6.65","sq.ft.","7.50","ea.",0.25,"ea.","9.20","sq.ft.","7.50","ea.",0.25,"ea."
"Premium Door DR8, Folkstone Grey, Door","DR8, Folkstone Grey-FGFM, Door #785","6.65","sq.ft.","0.00","ea.",0.25,"ea.","9.20","sq.ft.","0.00","ea.",0.25,"ea."
"Premium Door DR8, Folkstone Grey, Routed Drawer Front","DR8, Folkstone Grey-FGFM, Routed DF #785R","6.65","sq.ft.","5.00","ea.",0.25,"ea.","10.25","sq.ft.","5.00","ea.",0.25,"ea."
"Premium Door DR8, Folkstone Grey, Slab Drawer Front","DR8, Folkstone Grey-FGFM, Slab DF #785D","8.40","sq.ft.","0.00","ea.",0.25,"ea.","10.25","sq.ft.","0.00","ea.",0.25,"ea."
"Premium Door DR8, Folkstone Grey, Cut for Glass Door","DR8, Folkstone Grey-FGFM, Cut for Glass #785G","6.65","sq.ft.","15.00","ea.",0.25,"ea.","9.20","sq.ft.","15.00","ea.",0.25,"ea."
"Premium Door DR8, Folkstone Grey, French Lite Door","DR8, Folkstone Grey-FGFM, French Lite Door #785F","6.65","sq.ft.","7.50","ea.",0.25,"ea.","9.20","sq.ft.","7.50","ea.",0.25,"ea."
"Premium Door DRS131, Folkstone Grey, Door","DRS131, Folkstone Grey-FGFM, Door #131","12.00","sq.ft.","0.00","ea.",0.25,"ea.","14.25","sq.ft.","0.00","ea.",0.25,"ea."
"Premium Door DRS131, Folkstone Grey, Routed Drawer Front","DRS131, Folkstone Grey-FGFM, Routed DF #131R","12.00","sq.ft.","5.00","ea.",0.25,"ea.","10.25","sq.ft.","10.00","ea.",0.25,"ea."
"Premium Door DRS131, Folkstone Grey, Slab Drawer Front","DRS131, Folkstone Grey-FGFM, Slab DF #131D","8.40","sq.ft.","0.00","ea.",0.25,"ea.","10.25","sq.ft.","0.00","ea.",0.25,"ea."
"Premium Door DRS131, Folkstone Grey, Cut for Glass Door","DRS131, Folkstone Grey-FGFM, Cut for Glass #131G","12.00","sq.ft.","15.00","ea.",0.25,"ea.","14.25","sq.ft.","15.00","ea.",0.25,"ea."
"Premium Door DRS131, Folkstone Grey, French Lite Door","DRS131, Folkstone Grey-FGFM, French Lite Door #131F","12.00","sq.ft.","7.50","ea.",0.25,"ea.","14.25","sq.ft.","7.50","ea.",0.25,"ea."
"Crown Molding, Folkstone Grey, 3-3/4""","Crown Molding, Folkstone Grey-FGFM, 3-3/4"", 423-8, #3003",15.6,"ea.","10.00","ea.",0.25,"ea.",17.30,"ea.","0.00","ea.",0.25,"ea."
"Crown Molding, Folkstone Grey, 4-1/2""","Crown Molding, Folkstone Grey-FGFM, 4-1/2"", 424-8, #3004",15.9,"ea.","10.00","ea.",0.25,"ea.",18.95,"ea.","0.00","ea.",0.25,"ea."
"Base Molding, Folkstone Grey, 2-1/2""","Base Molding, Folkstone Grey-FGFM, 2-1/2"", 426-8, #3007",10.05,"ea.","10.00","ea.",0.25,"ea.",11.15,"ea.","0.00","ea.",0.25,"ea."
"Scribe Molding, Folkstone Grey, 1""","Scribe Molding, Folkstone Grey-FGFM, 1"", 428-8, #3012",6.25,"ea.","10.00","ea.",0.25,"ea.",6.95,"ea.","0.00","ea.",0.25,"ea."
"Fluted Molding, Folkstone Grey, 3-1/2""","Fluted Molding, Folkstone Grey-FGFM, 3-1/2"", 431-8, #3013",19.75,"ea.","10.00","ea.",0.25,"ea.",21.95,"ea.","0.00","ea.",0.25,"ea."
"Filler A","Filler A, Folkstone Grey-FGFM, 471, #3250",9.00,"ea.","0.00","ea.",10.00,"ea.",10.00,"ea.","0.00","ea.",0.25,"ea."
"Filler B","Filler A, Folkstone Grey-FGFM, 472, #3251",9.00,"ea.","0.00","ea.",10.00,"ea.",10.00,"ea.","0.00","ea.",0.25,"ea."
"Filler C","Filler A, Folkstone Grey-FGFM, 469, #3255",9.00,"ea.","15.00","ea.",10.00,"ea.",10.00,"ea.","15.00","ea.",0.25,"ea."
"Premium Door JR7, Sable Glow, Door","JR7, Sable Glow-CHPG, Door #727","12.30","sq.ft.","0.00","ea.",0.25,"ea.",14.00,"sq.ft.","0.00","ea.",0.25,"ea."
"Premium Door JR7, Sable Glow, Routed Drawer Front","JR7, Sable Glow-CHPG, Routed DF #727R","12.30","sq.ft.","5.00","ea.",0.25,"ea.",11.50,"sq.ft.","10.00","ea.",0.25,"ea."
"Premium Door JR7, Sable Glow, Slab Drawer Front","JR7, Sable Glow-CHPGT, Slab DF #727D","10.25","sq.ft.","0.00","ea.",0.25,"ea.",11.50,"sq.ft.","0.00","ea.",0.25,"ea."
"Premium Door JR7, Sable Glow, Cut for Glass Door","JR7, Sable Glow-CHPG, Cut for Glass #727G","12.30","sq.ft.","15.00","ea.",0.25,"ea.",14.00,"sq.ft.","15.00","ea.",0.25,"ea."
"Premium Door JR7, Sable Glow, French Lite Door","JR7, Sable Glow-CHPG, French Lite Door #727F","12.30","sq.ft.","7.50","ea.",0.25,"ea.",14.00,"sq.ft.","7.50","ea.",0.25,"ea."
"Premium Door DR1, Sable Glow, Door","DR1, Sable Glow-CHPG, Door #112","13.20","sq.ft.","0.00","ea.",0.25,"ea.",15.50,"sq.ft.","0.00","ea.",0.25,"ea."
"Premium Door DR1, Sable Glow, Routed Drawer Front","DR1, Sable Glow-CHPG, Routed DF #112R","13.20","sq.ft.","5.00","ea.",0.25,"ea.",11.50,"sq.ft.","10.00","ea.",0.25,"ea."
"Premium Door DR1, Sable Glow, Slab Drawer Front","DR1, Sable Glow-CHPG, Slab DF #112D","10.25","sq.ft.","0.00","ea.",0.25,"ea.",11.50,"sq.ft.","0.00","ea.",0.25,"ea."
"Premium Door DR1, Sable Glow, Cut for Glass Door","DR1, Sable Glow-CHPG, Cut for Glass #112G","13.20","sq.ft.","15.00","ea.",0.25,"ea.",15.50,"sq.ft.","15.00","ea.",0.25,"ea."
"Premium Door DR1, Sable Glow, French Lite Door","DR1, Sable Glow-CHPG, French Lite #112F","13.20","sq.ft.","7.50","ea.",0.25,"ea.",15.50,"sq.ft.","7.50","ea.",0.25,"ea."
"Premium Door AMS329, Sable Glow, Door","AMS329, Sable Glow-CHPGT, Door #329","15.95","sq.ft.","0.00","ea.",0.25,"ea.",18.45,"sq.ft.","0.00","ea.",0.25,"ea."
"Premium Door AMS329, Sable Glow, Routed Drawer Front","AMS329, Sable Glow-CHPG, Routed DF #329R","15.95","sq.ft.","5.00","ea.",0.25,"ea.",18.45,"sq.ft.","15.00","ea.",0.25,"ea."
"Premium Door AMS329, Sable Glow, Slab Drawer Front","AMS329, Sable Glow-CHPG, Slab DF #329D","10.25","sq.ft.","0.00","ea.",0.25,"ea.",11.50,"sq.ft.","0.00","ea.",0.25,"ea."
"Premium Door AMS329, Sable Glow, Cut for Glass Door","AMS329, Sable Glow-CHPG, Cut for Glass #329G","15.95","sq.ft.","15.00","ea.",0.25,"ea.",18.45,"sq.ft.","15.00","ea.",0.25,"ea."
"Premium Door AMS329, Sable Glow, French Lite Door","AMS329, Sable Glow-CHPG, French Lite Door #329F","15.95","sq.ft.","7.50","ea.",0.25,"ea.",18.45,"sq.ft.","7.50","ea.",0.25,"ea."
"Premium Door KB732, Sable Glow, Door","KB732, Sable Glow-CHPG, Door #732","8.15","sq.ft.","0.00","ea.",0.25,"ea.",11.50,"sq.ft.","0.00","ea.",0.25,"ea."
"Premium Door KB732, Sable Glow, Slab Drawer Front","KB732, Sable Glow-CHPG, Slab DF #732D","10.25","sq.ft.","0.00","ea.",0.25,"ea.",11.50,"sq.ft.","0.00","ea.",0.25,"ea."
"Premium Door KB732, Sable Glow, Cut for Glass Door","KB732, Sable Glow-CHPG, Cut for Glass #732G","8.15","sq.ft.","15.00","ea.",0.25,"ea.",11.50,"sq.ft.","15.00","ea.",0.25,"ea."
"Premium Door KB732, Sable Glow, French Lite Door","KB732, Sable Glow-CHPG, French Lite Door #7732F","8.15","sq.ft.","7.50","ea.",0.25,"ea.",11.50,"sq.ft.","7.50","ea.",0.25,"ea."
"Premium Door DBQ, Sable Glow, Door","DBQ816, Sable Glow-CHPG, Door #816","8.15","sq.ft.","0.00","ea.",0.25,"ea.",10.45,"sq.ft.","0.00","ea.",0.25,"ea."
"Premium Door DBQ, Sable Glow, Slab Drawer Front","DBQ816, Sable Glow-CHPG, Slab DF #816D","10.25","sq.ft.","0.00","ea.",0.25,"ea.",11.50,"sq.ft.","0.00","ea.",0.25,"ea."
"Premium Door DBQ, Sable Glow, Cut for Glass Door","DBQ816, Sable Glow-CHPG, Cut for Glass #816G","8.15","sq.ft.","15.00","ea.",0.25,"ea.",10.45,"sq.ft.","15.00","ea.",0.25,"ea."
"Premium Door DBQ, Sable Glow, French Lite Door","DBQ816, Sable Glow-CHPG, French Lite #816F","8.15","sq.ft.","7.50","ea.",0.25,"ea.",10.45,"sq.ft.","7.50","ea.",0.25,"ea."
"Premium Door DR8, Sable Glow, Door","DR8, Sable Glow-CHPG, Door #785","8.15","sq.ft.","0.00","ea.",0.25,"ea.",10.45,"sq.ft.","0.00","ea.",0.25,"ea."
"Premium Door DR8, Sable Glow, Routed Drawer Front","DR8, Sable Glow-CHPG, Routed DF #785R","8.15","sq.ft.","5.00","ea.",0.25,"ea.",11.50,"sq.ft.","5.00","ea.",0.25,"ea."
"Premium Door DR8, Sable Glow, Slab Drawer Front","DR8, Sable Glow-CHPG, Slab DF #785D","10.25","sq.ft.","0.00","ea.",0.25,"ea.",11.50,"sq.ft.","0.00","ea.",0.25,"ea."
"Premium Door DR8, Sable Glow, Cut for Glass Door","DR8, Sable Glow-CHPG, Cut for Glass #785G","8.15","sq.ft.","15.00","ea.",0.25,"ea.",10.45,"sq.ft.","15.00","ea.",0.25,"ea."
"Premium Door DR8, Sable Glow, French Lite Door","DR8, Sable Glow-CHPG, French Lite Door #785F","8.15","sq.ft.","7.50","ea.",0.25,"ea.",10.45,"sq.ft.","7.50","ea.",0.25,"ea."
"Premium Door DRS131, Sable Glow, Door","DRS131, Sable Glow-CHPG, Door #131","13.20","sq.ft.","0.00","ea.",0.25,"ea.",15.50,"sq.ft.","0.00","ea.",0.25,"ea."
"Premium Door DRS131, Sable Glow, Routed Drawer Front","DRS131, Sable Glow-CHPGT, Routed DF #131R","13.20","sq.ft.","5.00","ea.",0.25,"ea.",11.50,"sq.ft.","10.00","ea.",0.25,"ea."
"Premium Door DRS131, Sable Glow, Slab Drawer Front","DRS131, Sable Glow-CHPG, Slab DF #131D","10.25","sq.ft.","0.00","ea.",0.25,"ea.",11.50,"sq.ft.","0.00","ea.",0.25,"ea."
"Premium Door DRS131, Sable Glow, Cut for Glass Door","DRS131, Sable Glow-CHPG, Cut for Glass #131G","13.20","sq.ft.","15.00","ea.",0.25,"ea.",15.50,"sq.ft.","15.00","ea.",0.25,"ea."
"Premium Door DRS131, Sable Glow, French Lite Door","DRS131, Sable Glow-CHPG, French Lite Door #131F","13.20","sq.ft.","7.50","ea.",0.25,"ea.",15.50,"sq.ft.","7.50","ea.",0.25,"ea."
"Crown Molding, Sable Glow, 3-3/4""","Crown Molding, Sable Glow-CHPG, 3-3/4"", 423-8, #3003",19.15,"ea.","10.00","ea.",0.25,"ea.",21.25,"ea.","0.00","ea.",0.25,"ea."
"Crown Molding, Sable Glow, 4-1/2""","Crown Molding, Sable Glow-CHPG, 4-1/2"", 424-8, #3004",21.50,"ea.","10.00","ea.",0.25,"ea.",23.85,"ea.","0.00","ea.",0.25,"ea."
"Base Molding, Sable Glow, 2-1/2""","Base Molding, Sable Glow-CHPG, 2-1/2"", 426-8, #3007",12.55,"ea.","10.00","ea.",0.25,"ea.",13.95,"ea.","0.00","ea.",0.25,"ea."
"Scribe Molding, Sable Glow, 1""","Scribe Molding, Sable Glow-CHPG, 1"", 428-8, #3012",7.65,"ea.","10.00","ea.",0.25,"ea.",8.50,"ea.","0.00","ea.",0.25,"ea."
"Fluted Molding, Sable Glow, 3-1/2""","Fluted Molding, Sable Glow-CHPG, 3-1/2"", 431-8, #3013",21.55,"ea.","10.00","ea.",0.25,"ea.",21.55,"ea.","0.00","ea.",0.25,"ea."
"Filler A","Filler A, Sable Glow-CHPG, 471, #3250",10.60,"ea.","0.00","ea.",10.00,"ea.",11.75,"ea.","0.00","ea.",0.25,"ea."
"Filler B","Filler A, Sable Glow-CHPG, 472, #3251",10.60,"ea.","0.00","ea.",10.00,"ea.",11.75,"ea.","0.00","ea.",0.25,"ea."
"Filler C","Filler A, Sable Glow-CHPG, 469, #3255",10.60,"ea.","15.00","ea.",10.00,"ea.",11.75,"ea.","15.00","ea.",0.25,"ea."
"Premium Door JR7, Desert Glow, Door","JR7, Desert Glow-HAPG, Door #727",12.30,"sq.ft.","0.00","ea.",0.25,"ea.",14.00,"sq.ft.","0.00","ea.",0.25,"ea."
"Premium Door JR7, Desert Glow, Routed Drawer Front","JR7, Desert Glow-HAPG, Routed DF #727R",12.30,"sq.ft.","5.00","ea.",0.25,"ea.",11.50,"sq.ft.","10.00","ea.",0.25,"ea."
"Premium Door JR7, Desert Glow, Slab Drawer Front","JR7, Desert Glow-HAPG, Slab DF #727D",10.25,"sq.ft.","0.00","ea.",0.25,"ea.",11.50,"sq.ft.","0.00","ea.",0.25,"ea."
"Premium Door JR7, Desert Glow, Cut for Glass Door","JR7, Desert Glow-HAPG, Cut for Glass #727G",12.30,"sq.ft.","15.00","ea.",0.25,"ea.",14.00,"sq.ft.","15.00","ea.",0.25,"ea."
"Premium Door JR7, Desert Glow, French Lite Door","JR7, Desert Glow-HAPG, French Lite Door #727F",12.30,"sq.ft.","7.50","ea.",0.25,"ea.",14.00,"sq.ft.","7.50","ea.",0.25,"ea."
"Premium Door DR1, Desert Glow, Door","DR1, Desert Glow-HAPG, Door #112",13.20,"sq.ft.","0.00","ea.",0.25,"ea.",15.50,"sq.ft.","0.00","ea.",0.25,"ea."
"Premium Door DR1, Desert Glow, Routed Drawer Front","DR1, Desert Glow-HAPG, Routed DF #112R",13.20,"sq.ft.","5.00","ea.",0.25,"ea.",11.50,"sq.ft.","10.00","ea.",0.25,"ea."
"Premium Door DR1, Desert Glow, Slab Drawer Front","DR1, Desert Glow-HAPG, Slab DF #112D",10.25,"sq.ft.","0.00","ea.",0.25,"ea.",11.50,"sq.ft.","0.00","ea.",0.25,"ea."
"Premium Door DR1, Desert Glow, Cut for Glass Door","DR1, Desert Glow-HAPG, Cut for Glass #112G",13.20,"sq.ft.","15.00","ea.",0.25,"ea.",15.50,"sq.ft.","15.00","ea.",0.25,"ea."
"Premium Door DR1, Desert Glow, French Lite Door","DR1, Desert Glow-HAPG, French Lite #112F",13.20,"sq.ft.","7.50","ea.",0.25,"ea.",15.50,"sq.ft.","7.50","ea.",0.25,"ea."
"Premium Door AMS329, Desert Glow, Door","AMS329, Desert Glow-HAPG, Door #329",15.95,"sq.ft.","0.00","ea.",0.25,"ea.",18.45,"sq.ft.","0.00","ea.",0.25,"ea."
"Premium Door AMS329, Desert Glow, Routed Drawer Front","AMS329, Desert Glow-HAPG, Routed DF #112R",15.95,"sq.ft.","5.00","ea.",0.25,"ea.",18.45,"sq.ft.","15.00","ea.",0.25,"ea."
"Premium Door AMS329, Desert Glow, Slab Drawer Front","AMS329, Desert Glow-HAPG, Slab DF #329D",10.25,"sq.ft.","0.00","ea.",0.25,"ea.",11.50,"sq.ft.","0.00","ea.",0.25,"ea."
"Premium Door AMS329, Desert Glow, Cut for Glass Door","AMS329, Desert Glow-HAPG, Cut for Glass #329G",15.95,"sq.ft.","15.00","ea.",0.25,"ea.",18.45,"sq.ft.","15.00","ea.",0.25,"ea."
"Premium Door AMS329, Desert Glow, French Lite Door","AMS329, Desert Glow-HAPG, French Lite Door #329F",15.95,"sq.ft.","7.50","ea.",0.25,"ea.",18.45,"sq.ft.","7.50","ea.",0.25,"ea."
"Premium Door KB732, Desert Glow, Door","KB732, Desert Glow-HAPG, Door #732",8.15,"sq.ft.","0.00","ea.",0.25,"ea.",11.50,"sq.ft.","0.00","ea.",0.25,"ea."
"Premium Door KB732, Desert Glow, Slab Drawer Front","KB732, Desert Glow-HAPG, Slab DF #732D",10.25,"sq.ft.","0.00","ea.",0.25,"ea.",11.50,"sq.ft.","0.00","ea.",0.25,"ea."
"Premium Door KB732, Desert Glow, Cut for Glass Door","KB732, Desert Glow-HAPG, Cut for Glass #732G",8.15,"sq.ft.","15.00","ea.",0.25,"ea.",11.50,"sq.ft.","15.00","ea.",0.25,"ea."
"Premium Door KB732, Desert Glow, French Lite Door","KB732, Desert Glow-HAPG, French Lite Door #7732F",8.15,"sq.ft.","7.50","ea.",0.25,"ea.",11.50,"sq.ft.","7.50","ea.",0.25,"ea."
"Premium Door DBQ, Desert Glow, Door","DBQ816, Desert Glow-HAPG, Door #816",8.15,"sq.ft.","0.00","ea.",0.25,"ea.",10.45,"sq.ft.","0.00","ea.",0.25,"ea."
"Premium Door DBQ, Desert Glow, Slab Drawer Front","DBQ816, Desert Glow-HAPG, Slab DF #816D",10.25,"sq.ft.","0.00","ea.",0.25,"ea.",11.50,"sq.ft.","0.00","ea.",0.25,"ea."
"Premium Door DBQ, Desert Glow, Cut for Glass Door","DBQ816, Desert Glow-HAPG, Cut for Glass #816G",8.15,"sq.ft.","15.00","ea.",0.25,"ea.",10.45,"sq.ft.","15.00","ea.",0.25,"ea."
"Premium Door DBQ, Desert Glow, French Lite Door","DBQ816, Desert Glow-HAPG, French Lite #816F",8.15,"sq.ft.","7.50","ea.",0.25,"ea.",10.45,"sq.ft.","7.50","ea.",0.25,"ea."
"Premium Door DR8, Desert Glow, Door","DR8, Desert Glow-HAPG, Door #785",8.15,"sq.ft.","0.00","ea.",0.25,"ea.",10.45,"sq.ft.","0.00","ea.",0.25,"ea."
"Premium Door DR8, Desert Glow, Routed Drawer Front","DR8, Desert Glow-HAPG, Routed DF #785R",8.15,"sq.ft.","5.00","ea.",0.25,"ea.",11.50,"sq.ft.","5.00","ea.",0.25,"ea."
"Premium Door DR8, Desert Glow, Slab Drawer Front","DR8, Desert Glow-HAPG, Slab DF #785D",10.25,"sq.ft.","0.00","ea.",0.25,"ea.",11.50,"sq.ft.","0.00","ea.",0.25,"ea."
"Premium Door DR8, Desert Glow, Cut for Glass Door","DR8, Desert Glow-HAPG, Cut for Glass #785G",8.15,"sq.ft.","15.00","ea.",0.25,"ea.",10.45,"sq.ft.","15.00","ea.",0.25,"ea."
"Premium Door DR8, Desert Glow, French Lite Door","DR8, Desert Glow-HAPG, French Lite Door #785F",8.15,"sq.ft.","7.50","ea.",0.25,"ea.",10.45,"sq.ft.","7.50","ea.",0.25,"ea."
"Premium Door DRS131, Desert Glow, Door","DRS131, Desert Glow-HAPG, Door #131",13.20,"sq.ft.","0.00","ea.",0.25,"ea.",15.50,"sq.ft.","0.00","ea.",0.25,"ea."
"Premium Door DRS131, Desert Glow, Routed Drawer Front","DRS131, Desert Glow-HAPG, Routed DF #131R",13.20,"sq.ft.","5.00","ea.",0.25,"ea.",11.50,"sq.ft.","10.00","ea.",0.25,"ea."
"Premium Door DRS131, Desert Glow, Slab Drawer Front","DRS131, Desert Glow-HAPG, Slab DF #131D",10.25,"sq.ft.","0.00","ea.",0.25,"ea.",11.50,"sq.ft.","0.00","ea.",0.25,"ea."
"Premium Door DRS131, Desert Glow, Cut for Glass Door","DRS131, Desert Glow-HAPG, Cut for Glass #131G",13.20,"sq.ft.","15.00","ea.",0.25,"ea.",15.50,"sq.ft.","15.00","ea.",0.25,"ea."
"Premium Door DRS131, Desert Glow, French Lite Door","DRS131, Desert Glow-HAPG, French Lite Door #131F",13.20,"sq.ft.","7.50","ea.",0.25,"ea.",15.50,"sq.ft.","7.50","ea.",0.25,"ea."
"Crown Molding, Desert Glow, 3-3/4""","Crown Molding, Desert Glow-HAPG, 3-3/4"", 423-8, #3003",19.15,"ea.","10.00","ea.",0.25,"ea.",21.25,"ea.","0.00","ea.",0.25,"ea."
"Crown Molding, Desert Glow, 4-1/2""","Crown Molding, Desert Glow-HAPG, 4-1/2"", 424-8, #3004",21.50,"ea.","10.00","ea.",0.25,"ea.",23.85,"ea.","0.00","ea.",0.25,"ea."
"Base Molding, Desert Glow, 2-1/2""","Base Molding, Desert Glow-HAPG, 2-1/2"", 426-8, #3007",12.55,"ea.","10.00","ea.",0.25,"ea.",13.95,"ea.","0.00","ea.",0.25,"ea."
"Scribe Molding, Desert Glow, 1""","Scribe Molding, Desert Glow-HAPG, 1"", 428-8, #3012",7.65,"ea.","10.00","ea.",0.25,"ea.",8.50,"ea.","0.00","ea.",0.25,"ea."
"Fluted Molding, Desert Glow, 3-1/2""","Fluted Molding, Desert Glow-HAPG, 3-1/2"", 431-8, #3013",21.55,"ea.","10.00","ea.",0.25,"ea.",21.55,"ea.","0.00","ea.",0.25,"ea."
"Filler A","Filler A, Desert Glow-HAPG, 471, #3250",10.60,"ea.","0.00","ea.",10.00,"ea.",11.75,"ea.","0.00","ea.",0.25,"ea."
"Filler B","Filler A, Desert Glow-HAPG, 472, #3251",10.60,"ea.","0.00","ea.",10.00,"ea.",11.75,"ea.","0.00","ea.",0.25,"ea."
"Filler C","Filler A, Desert Glow-HAPG, 469, #3255",10.60,"ea.","15.00","ea.",10.00,"ea.",11.75,"ea.","15.00","ea.",0.25,"ea."
"Premium Door JR7, Mahogany Impressions, Door","JR7, Mahogany Impressions-MIMG, Door #727",12.30,"sq.ft.","0.00","ea.",0.25,"ea.",14.00,"sq.ft.","0.00","ea.",0.25,"ea."
"Premium Door JR7, Mahogany Impressions, Routed Drawer Front","JR7, Mahogany Impressions-MIMG, Routed DF #727R",12.30,"sq.ft.","5.00","ea.",0.25,"ea.",11.50,"sq.ft.","10.00","ea.",0.25,"ea."
"Premium Door JR7, Mahogany Impressions, Slab Drawer Front","JR7, Mahogany Impressions-MIMG, Slab DF #727D",10.25,"sq.ft.","0.00","ea.",0.25,"ea.",11.50,"sq.ft.","0.00","ea.",0.25,"ea."
"Premium Door JR7, Mahogany Impressions, Cut for Glass Door","JR7, Mahogany Impressions-MIMGG, Cut for Glass #727G",12.30,"sq.ft.","15.00","ea.",0.25,"ea.",14.00,"sq.ft.","15.00","ea.",0.25,"ea."
"Premium Door JR7, Mahogany Impressions, French Lite Door","JR7, Mahogany Impressions-MIMG, French Lite Door #727F",12.30,"sq.ft.","7.50","ea.",0.25,"ea.",14.00,"sq.ft.","7.50","ea.",0.25,"ea."
"Premium Door DR1, Mahogany Impressions, Door","DR1, Mahogany Impressions-MIMG, Door #112",13.20,"sq.ft.","0.00","ea.",0.25,"ea.",15.50,"sq.ft.","0.00","ea.",0.25,"ea."
"Premium Door DR1, Mahogany Impressions, Routed Drawer Front","DR1, Mahogany Impressions-MIMG, Routed DF #112R",13.20,"sq.ft.","5.00","ea.",0.25,"ea.",11.50,"sq.ft.","10.00","ea.",0.25,"ea."
"Premium Door DR1, Mahogany Impressions, Slab Drawer Front","DR1, Mahogany Impressions-MIMG, Slab DF #112D",10.25,"sq.ft.","0.00","ea.",0.25,"ea.",11.50,"sq.ft.","0.00","ea.",0.25,"ea."
"Premium Door DR1, Mahogany Impressions, Cut for Glass Door","DR1, Mahogany Impressions-MIMG, Cut for Glass #112G",13.20,"sq.ft.","15.00","ea.",0.25,"ea.",15.50,"sq.ft.","15.00","ea.",0.25,"ea."
"Premium Door DR1, Mahogany Impressions, French Lite Door","DR1, Mahogany Impressions-MIMG, French Lite #112F",13.20,"sq.ft.","7.50","ea.",0.25,"ea.",15.50,"sq.ft.","7.50","ea.",0.25,"ea."
"Premium Door AMS329, Mahogany Impressions, Door","AMS329, Mahogany Impressions-MIMG, Door #329",15.95,"sq.ft.","0.00","ea.",0.25,"ea.",18.45,"sq.ft.","0.00","ea.",0.25,"ea."
"Premium Door AMS329, Mahogany Impressions, Routed Drawer Front","AMS329, Mahogany Impressions-MIMG, Routed DF #329R",15.95,"sq.ft.","5.00","ea.",0.25,"ea.",18.45,"sq.ft.","15.00","ea.",0.25,"ea."
"Premium Door AMS329, Mahogany Impressions, Slab Drawer Front","AMS329, Mahogany Impressions-MIMGG, Slab DF #329D",10.25,"sq.ft.","0.00","ea.",0.25,"ea.",11.50,"sq.ft.","0.00","ea.",0.25,"ea."
"Premium Door AMS329, Mahogany Impressions, Cut for Glass Door","AMS329, Mahogany Impressions-MIMG, Cut for Glass #329G",15.95,"sq.ft.","15.00","ea.",0.25,"ea.",18.45,"sq.ft.","15.00","ea.",0.25,"ea."
"Premium Door AMS329, Mahogany Impressions, French Lite Door","AMS329, Mahogany Impressions-MIMG, French Lite Door #329F",15.95,"sq.ft.","7.50","ea.",0.25,"ea.",18.45,"sq.ft.","7.50","ea.",0.25,"ea."
"Premium Door KB732, Mahogany Impressions, Door","KB732, Mahogany Impressions-MIMG, Door #732",8.15,"sq.ft.","0.00","ea.",0.25,"ea.",11.50,"sq.ft.","0.00","ea.",0.25,"ea."
"Premium Door KB732, Mahogany Impressions, Slab Drawer Front","KB732, Mahogany Impressions-MIMG, Slab DF #732D",10.25,"sq.ft.","0.00","ea.",0.25,"ea.",11.50,"sq.ft.","0.00","ea.",0.25,"ea."
"Premium Door KB732, Mahogany Impressions, Cut for Glass Door","KB732, Mahogany Impressions-MIMG, Cut for Glass #732G",8.15,"sq.ft.","15.00","ea.",0.25,"ea.",11.50,"sq.ft.","15.00","ea.",0.25,"ea."
"Premium Door KB732, Mahogany Impressions, French Lite Door","KB732, Mahogany Impressions-MIMG, French Lite Door #7732F",8.15,"sq.ft.","7.50","ea.",0.25,"ea.",11.50,"sq.ft.","7.50","ea.",0.25,"ea."
"Premium Door DBQ, Mahogany Impressions, Door","DBQ816, Mahogany Impressions-MIMG, Door #816",8.15,"sq.ft.","0.00","ea.",0.25,"ea.",10.45,"sq.ft.","0.00","ea.",0.25,"ea."
"Premium Door DBQ, Mahogany Impressions, Slab Drawer Front","DBQ816, Mahogany Impressions-MIMG, Slab DF #816D",10.25,"sq.ft.","0.00","ea.",0.25,"ea.",11.50,"sq.ft.","0.00","ea.",0.25,"ea."
"Premium Door DBQ, Mahogany Impressions, Cut for Glass Door","DBQ816, Mahogany Impressions-MIMG, Cut for Glass #816G",8.15,"sq.ft.","15.00","ea.",0.25,"ea.",10.45,"sq.ft.","15.00","ea.",0.25,"ea."
"Premium Door DBQ, Mahogany Impressions, French Lite Door","DBQ816, Mahogany Impressions-MIMG, French Lite #816F",8.15,"sq.ft.","7.50","ea.",0.25,"ea.",10.45,"sq.ft.","7.50","ea.",0.25,"ea."
"Premium Door DR8, Mahogany Impressions, Door","DR8, Mahogany Impressions-MIMG, Door #785",8.15,"sq.ft.","0.00","ea.",0.25,"ea.",10.45,"sq.ft.","0.00","ea.",0.25,"ea."
"Premium Door DR8, Mahogany Impressions, Routed Drawer Front","DR8, Mahogany Impressions-MIMG, Routed DF #785R",8.15,"sq.ft.","5.00","ea.",0.25,"ea.",11.50,"sq.ft.","5.00","ea.",0.25,"ea."
"Premium Door DR8, Mahogany Impressions, Slab Drawer Front","DR8, Mahogany Impressions-MIMG, Slab DF #785D",10.25,"sq.ft.","0.00","ea.",0.25,"ea.",11.50,"sq.ft.","0.00","ea.",0.25,"ea."
"Premium Door DR8, Mahogany Impressions, Cut for Glass Door","DR8, Mahogany Impressions-MIMG, Cut for Glass #785G",8.15,"sq.ft.","15.00","ea.",0.25,"ea.",10.45,"sq.ft.","15.00","ea.",0.25,"ea."
"Premium Door DR8, Mahogany Impressions, French Lite Door","DR8, Mahogany Impressions-MIMG, French Lite Door #785F",8.15,"sq.ft.","7.50","ea.",0.25,"ea.",10.45,"sq.ft.","7.50","ea.",0.25,"ea."
"Premium Door DRS131, Mahogany Impressions, Door","DRS131, Mahogany Impressions-MIMG, Door #131",13.20,"sq.ft.","0.00","ea.",0.25,"ea.",15.50,"sq.ft.","0.00","ea.",0.25,"ea."
"Premium Door DRS131, Mahogany Impressions, Routed Drawer Front","DRS131, Mahogany Impressions-MIMG, Routed DF #131R",13.20,"sq.ft.","5.00","ea.",0.25,"ea.",11.50,"sq.ft.","10.00","ea.",0.25,"ea."
"Premium Door DRS131, Mahogany Impressions, Slab Drawer Front","DRS131, Mahogany Impressions-MIMG, Slab DF #131D",10.25,"sq.ft.","0.00","ea.",0.25,"ea.",11.50,"sq.ft.","0.00","ea.",0.25,"ea."
"Premium Door DRS131, Mahogany Impressions, Cut for Glass Door","DRS131, Mahogany Impressions-MIMG, Cut for Glass #131G",13.20,"sq.ft.","15.00","ea.",0.25,"ea.",15.50,"sq.ft.","15.00","ea.",0.25,"ea."
"Premium Door DRS131, Mahogany Impressions, French Lite Door","DRS131, Mahogany Impressions-MIMG, French Lite Door #131F",13.20,"sq.ft.","7.50","ea.",0.25,"ea.",15.50,"sq.ft.","7.50","ea.",0.25,"ea."
"Crown Molding, Mahogany Impressions, 3-3/4""","Crown Molding, Mahogany Impressions-MIMG, 3-3/4"", 423-8, #3003",19.15,"ea.","10.00","ea.",0.25,"ea.",21.25,"ea.","0.00","ea.",0.25,"ea."
"Crown Molding, Mahogany Impressions, 4-1/2""","Crown Molding, Mahogany Impressions-MIMG, 4-1/2"", 424-8, #3004",21.50,"ea.","10.00","ea.",0.25,"ea.",23.85,"ea.","0.00","ea.",0.25,"ea."
"Base Molding, Mahogany Impressions, 2-1/2""","Base Molding, Mahogany Impressions-MIMG, 2-1/2"", 426-8, #3007",12.55,"ea.","10.00","ea.",0.25,"ea.",13.95,"ea.","0.00","ea.",0.25,"ea."
"Scribe Molding, Mahogany Impressions, 1""","Scribe Molding, Mahogany Impressions-MIMG, 1"", 428-8, #3012",7.65,"ea.","10.00","ea.",0.25,"ea.",8.50,"ea.","0.00","ea.",0.25,"ea."
"Fluted Molding, Mahogany Impressions, 3-1/2""","Fluted Molding, Mahogany Impressions-MIMG, 3-1/2"", 431-8, #3013",21.55,"ea.","10.00","ea.",0.25,"ea.",21.55,"ea.","0.00","ea.",0.25,"ea."
"Filler A","Filler A, Mahogany Impressions-MIMG, 471, #3250",10.60,"ea.","0.00","ea.",10.00,"ea.",11.75,"ea.","0.00","ea.",0.25,"ea."
"Filler B","Filler A, Mahogany Impressions-MIMG, 472, #3251",10.60,"ea.","0.00","ea.",10.00,"ea.",11.75,"ea.","0.00","ea.",0.25,"ea."
"Filler C","Filler A, Mahogany Impressions-MIMG, 469, #3255",10.60,"ea.","15.00","ea.",10.00,"ea.",11.75,"ea.","15.00","ea.",0.25,"ea."
"Premium Door JR7, Autumn Glow, Door","JR7, Autumn Glow-SFLG, Door #727",12.30,"sq.ft.","0.00","ea.",0.25,"ea.",14.00,"sq.ft.","0.00","ea.",0.25,"ea."
"Premium Door JR7, Autumn Glow, Routed Drawer Front","JR7, Autumn Glow-SFLG, Routed DF #727R",12.30,"sq.ft.","5.00","ea.",0.25,"ea.",11.50,"sq.ft.","10.00","ea.",0.25,"ea."
"Premium Door JR7, Autumn Glow, Slab Drawer Front","JR7, Autumn Glow-SFLG, Slab DF #727D",10.25,"sq.ft.","0.00","ea.",0.25,"ea.",11.50,"sq.ft.","0.00","ea.",0.25,"ea."
"Premium Door JR7, Autumn Glow, Cut for Glass Door","JR7, Autumn Glow-SFLG, Cut for Glass #727G",12.30,"sq.ft.","15.00","ea.",0.25,"ea.",14.00,"sq.ft.","15.00","ea.",0.25,"ea."
"Premium Door JR7, Autumn Glow, French Lite Door","JR7, Autumn Glow-SFLG, French Lite Door #727F",12.30,"sq.ft.","7.50","ea.",0.25,"ea.",14.00,"sq.ft.","7.50","ea.",0.25,"ea."
"Premium Door DR1, Autumn Glow, Door","DR1, Autumn Glow-SFLG, Door #112",13.20,"sq.ft.","0.00","ea.",0.25,"ea.",15.50,"sq.ft.","0.00","ea.",0.25,"ea."
"Premium Door DR1, Autumn Glow, Routed Drawer Front","DR1, Autumn Glow-SFLG, Routed DF #112R",13.20,"sq.ft.","5.00","ea.",0.25,"ea.",11.50,"sq.ft.","10.00","ea.",0.25,"ea."
"Premium Door DR1, Autumn Glow, Slab Drawer Front","DR1, Autumn Glow-SFLG, Slab DF #112D",10.25,"sq.ft.","0.00","ea.",0.25,"ea.",11.50,"sq.ft.","0.00","ea.",0.25,"ea."
"Premium Door DR1, Autumn Glow, Cut for Glass Door","DR1, Autumn Glow-SFLG, Cut for Glass #112G",13.20,"sq.ft.","15.00","ea.",0.25,"ea.",15.50,"sq.ft.","15.00","ea.",0.25,"ea."
"Premium Door DR1, Autumn Glow, French Lite Door","DR1, Autumn Glow-SFLG, French Lite #112F",13.20,"sq.ft.","7.50","ea.",0.25,"ea.",15.50,"sq.ft.","7.50","ea.",0.25,"ea."
"Premium Door AMS329, Autumn Glow, Door","AMS329, Autumn Glow-SFLG, Door #329",15.95,"sq.ft.","0.00","ea.",0.25,"ea.",18.45,"sq.ft.","0.00","ea.",0.25,"ea."
"Premium Door AMS329, Autumn Glow, Routed Drawer Front","AMS329, Autumn Glow-SFLG, Routed DF #329R",15.95,"sq.ft.","5.00","ea.",0.25,"ea.",18.45,"sq.ft.","15.00","ea.",0.25,"ea."
"Premium Door AMS329, Autumn Glow, Slab Drawer Front","AMS329, Autumn Glow-SFLG, Slab DF #329D",10.25,"sq.ft.","0.00","ea.",0.25,"ea.",11.50,"sq.ft.","0.00","ea.",0.25,"ea."
"Premium Door AMS329, Autumn Glow, Cut for Glass Door","AMS329, Autumn Glow-SFLG, Cut for Glass #329G",15.95,"sq.ft.","15.00","ea.",0.25,"ea.",18.45,"sq.ft.","15.00","ea.",0.25,"ea."
"Premium Door AMS329, Autumn Glow, French Lite Door","AMS329, Autumn Glow-SFLG, French Lite Door #329F",15.95,"sq.ft.","7.50","ea.",0.25,"ea.",18.45,"sq.ft.","7.50","ea.",0.25,"ea."
"Premium Door KB732, Autumn Glow, Door","KB732, Autumn Glow-SFLG, Door #732",8.15,"sq.ft.","0.00","ea.",0.25,"ea.",11.50,"sq.ft.","0.00","ea.",0.25,"ea."
"Premium Door KB732, Autumn Glow, Slab Drawer Front","KB732, Autumn Glow-SFLG, Slab DF #732D",10.25,"sq.ft.","0.00","ea.",0.25,"ea.",11.50,"sq.ft.","0.00","ea.",0.25,"ea."
"Premium Door KB732, Autumn Glow, Cut for Glass Door","KB732, Autumn Glow-SFLG, Cut for Glass #732G",8.15,"sq.ft.","15.00","ea.",0.25,"ea.",11.50,"sq.ft.","15.00","ea.",0.25,"ea."
"Premium Door KB732, Autumn Glow, French Lite Door","KB732, Autumn Glow-SFLG, French Lite Door #7732F",8.15,"sq.ft.","7.50","ea.",0.25,"ea.",11.50,"sq.ft.","7.50","ea.",0.25,"ea."
"Premium Door DBQ, Autumn Glow, Door","DBQ816, Autumn Glow-SFLG, Door #816",8.15,"sq.ft.","0.00","ea.",0.25,"ea.",10.45,"sq.ft.","0.00","ea.",0.25,"ea."
"Premium Door DBQ, Autumn Glow, Slab Drawer Front","DBQ816, Autumn Glow-SFLG, Slab DF #816D",10.25,"sq.ft.","0.00","ea.",0.25,"ea.",11.50,"sq.ft.","0.00","ea.",0.25,"ea."
"Premium Door DBQ, Autumn Glow, Cut for Glass Door","DBQ816, Autumn Glow-SFLG, Cut for Glass #816G",8.15,"sq.ft.","15.00","ea.",0.25,"ea.",10.45,"sq.ft.","15.00","ea.",0.25,"ea."
"Premium Door DBQ, Autumn Glow, French Lite Door","DBQ816, Autumn Glow-SFLG, French Lite #816F",8.15,"sq.ft.","7.50","ea.",0.25,"ea.",10.45,"sq.ft.","7.50","ea.",0.25,"ea."
"Premium Door DR8, Autumn Glow, Door","DR8, Autumn Glow-SFLG, Door #785",8.15,"sq.ft.","0.00","ea.",0.25,"ea.",10.45,"sq.ft.","0.00","ea.",0.25,"ea."
"Premium Door DR8, Autumn Glow, Routed Drawer Front","DR8, Autumn Glow-SFLG, Routed DF #785R",8.15,"sq.ft.","5.00","ea.",0.25,"ea.",11.50,"sq.ft.","5.00","ea.",0.25,"ea."
"Premium Door DR8, Autumn Glow, Slab Drawer Front","DR8, Autumn Glow-SFLG, Slab DF #785D",10.25,"sq.ft.","0.00","ea.",0.25,"ea.",11.50,"sq.ft.","0.00","ea.",0.25,"ea."
"Premium Door DR8, Autumn Glow, Cut for Glass Door","DR8, Autumn Glow-SFLG, Cut for Glass #785G",8.15,"sq.ft.","15.00","ea.",0.25,"ea.",10.45,"sq.ft.","15.00","ea.",0.25,"ea."
"Premium Door DR8, Autumn Glow, French Lite Door","DR8, Autumn Glow-SFLG, French Lite Door #785F",8.15,"sq.ft.","7.50","ea.",0.25,"ea.",10.45,"sq.ft.","7.50","ea.",0.25,"ea."
"Premium Door DRS131, Autumn Glow, Door","DRS131, Autumn Glow-SFLG, Door #131",13.20,"sq.ft.","0.00","ea.",0.25,"ea.",15.50,"sq.ft.","0.00","ea.",0.25,"ea."
"Premium Door DRS131, Autumn Glow, Routed Drawer Front","DRS131, Autumn Glow-SFLG, Routed DF #131R",13.20,"sq.ft.","5.00","ea.",0.25,"ea.",11.50,"sq.ft.","10.00","ea.",0.25,"ea."
"Premium Door DRS131, Autumn Glow, Slab Drawer Front","DRS131, Autumn Glow-SFLG, Slab DF #131D",10.25,"sq.ft.","0.00","ea.",0.25,"ea.",11.50,"sq.ft.","0.00","ea.",0.25,"ea."
"Premium Door DRS131, Autumn Glow, Cut for Glass Door","DRS131, Autumn Glow-SFLG, Cut for Glass #131G",13.20,"sq.ft.","15.00","ea.",0.25,"ea.",15.50,"sq.ft.","15.00","ea.",0.25,"ea."
"Premium Door DRS131, Autumn Glow, French Lite Door","DRS131, Autumn Glow-SFLG, French Lite Door #131F",13.20,"sq.ft.","7.50","ea.",0.25,"ea.",15.50,"sq.ft.","7.50","ea.",0.25,"ea."
"Crown Molding, Autumn Glow, 3-3/4""","Crown Molding, Autumn Glow-SFLG, 3-3/4"", 423-8, #3003",19.15,"ea.","10.00","ea.",0.25,"ea.",21.25,"ea.","0.00","ea.",0.25,"ea."
"Crown Molding, Autumn Glow, 4-1/2""","Crown Molding, Autumn Glow-SFLG, 4-1/2"", 424-8, #3004",21.50,"ea.","10.00","ea.",0.25,"ea.",23.85,"ea.","0.00","ea.",0.25,"ea."
"Base Molding, Autumn Glow, 2-1/2""","Base Molding, Autumn Glow-SFLG, 2-1/2"", 426-8, #3007",12.55,"ea.","10.00","ea.",0.25,"ea.",13.95,"ea.","0.00","ea.",0.25,"ea."
"Scribe Molding, Autumn Glow, 1""","Scribe Molding, Autumn Glow-SFLG, 1"", 428-8, #3012",7.65,"ea.","10.00","ea.",0.25,"ea.",8.50,"ea.","0.00","ea.",0.25,"ea."
"Fluted Molding, Autumn Glow, 3-1/2""","Fluted Molding, Autumn Glow-SFLG, 3-1/2"", 431-8, #3013",21.55,"ea.","10.00","ea.",0.25,"ea.",21.55,"ea.","0.00","ea.",0.25,"ea."
"Filler A","Filler A, Autumn Glow-SFLG, 471, #3250",10.60,"ea.","0.00","ea.",10.00,"ea.",11.75,"ea.","0.00","ea.",0.25,"ea."
"Filler B","Filler A, Autumn Glow-SFLG, 472, #3251",10.60,"ea.","0.00","ea.",10.00,"ea.",11.75,"ea.","0.00","ea.",0.25,"ea."
"Filler C","Filler A, Autumn Glow-SFLG, 469, #3255",10.60,"ea.","15.00","ea.",10.00,"ea.",11.75,"ea.","15.00","ea.",0.25,"ea."
"Premium Door JR7, Ruston Maple, Door","JR7, Ruston Maple-DHRM, Door #727",12.30,"sq.ft.","0.00","ea.",0.25,"ea.",14.00,"sq.ft.","0.00","ea.",0.25,"ea."
"Premium Door JR7, Ruston Maple, Routed Drawer Front","JR7, Ruston Maple-DHRM, Routed DF #727R",12.30,"sq.ft.","5.00","ea.",0.25,"ea.",11.50,"sq.ft.","10.00","ea.",0.25,"ea."
"Premium Door JR7, Ruston Maple, Slab Drawer Front","JR7, Ruston Maple-DHRM, Slab DF #727D",10.25,"sq.ft.","0.00","ea.",0.25,"ea.",11.50,"sq.ft.","0.00","ea.",0.25,"ea."
"Premium Door JR7, Ruston Maple, Cut for Glass Door","JR7, Ruston Maple-DHRM, Cut for Glass #727G",12.30,"sq.ft.","15.00","ea.",0.25,"ea.",14.00,"sq.ft.","15.00","ea.",0.25,"ea."
"Premium Door JR7, Ruston Maple, French Lite Door","JR7, Ruston Maple-DHRM, French Lite Door #727F",12.30,"sq.ft.","7.50","ea.",0.25,"ea.",14.00,"sq.ft.","7.50","ea.",0.25,"ea."
"Premium Door DR1, Ruston Maple, Door","DR1, Ruston Maple-DHRM, Door #112",13.20,"sq.ft.","0.00","ea.",0.25,"ea.",15.50,"sq.ft.","0.00","ea.",0.25,"ea."
"Premium Door DR1, Ruston Maple, Routed Drawer Front","DR1, Ruston Maple-DHRM, Routed DF #112R",13.20,"sq.ft.","5.00","ea.",0.25,"ea.",11.50,"sq.ft.","10.00","ea.",0.25,"ea."
"Premium Door DR1, Ruston Maple, Slab Drawer Front","DR1, Ruston Maple-DHRM, Slab DF #112D",10.25,"sq.ft.","0.00","ea.",0.25,"ea.",11.50,"sq.ft.","0.00","ea.",0.25,"ea."
"Premium Door DR1, Ruston Maple, Cut for Glass Door","DR1, Ruston Maple-DHRM, Cut for Glass #112G",13.20,"sq.ft.","15.00","ea.",0.25,"ea.",15.50,"sq.ft.","15.00","ea.",0.25,"ea."
"Premium Door DR1, Ruston Maple, French Lite Door","DR1, Ruston Maple-DHRM, French Lite #112F",13.20,"sq.ft.","7.50","ea.",0.25,"ea.",15.50,"sq.ft.","7.50","ea.",0.25,"ea."
"Premium Door AMS329, Ruston Maple, Door","AMS329, Ruston Maple-DHRM, Door #329",15.95,"sq.ft.","0.00","ea.",0.25,"ea.",18.45,"sq.ft.","0.00","ea.",0.25,"ea."
"Premium Door AMS329, Ruston Maple, Routed Drawer Front","AMS329, Ruston Maple-DHRM, Routed DF #329R",15.95,"sq.ft.","5.00","ea.",0.25,"ea.",18.45,"sq.ft.","15.00","ea.",0.25,"ea."
"Premium Door AMS329, Ruston Maple, Slab Drawer Front","AMS329, Ruston Maple-DHRM, Slab DF #329D",10.25,"sq.ft.","0.00","ea.",0.25,"ea.",11.50,"sq.ft.","0.00","ea.",0.25,"ea."
"Premium Door AMS329, Ruston Maple, Cut for Glass Door","AMS329, Ruston Maple-DHRMT, Cut for Glass #329G",15.95,"sq.ft.","15.00","ea.",0.25,"ea.",18.45,"sq.ft.","15.00","ea.",0.25,"ea."
"Premium Door AMS329, Ruston Maple, French Lite Door","AMS329, Ruston Maple-DHRM, French Lite Door #329F",15.95,"sq.ft.","7.50","ea.",0.25,"ea.",18.45,"sq.ft.","7.50","ea.",0.25,"ea."
"Premium Door KB732, Ruston Maple, Door","KB732, Ruston Maple-DHRM, Door #732",8.15,"sq.ft.","0.00","ea.",0.25,"ea.",11.50,"sq.ft.","0.00","ea.",0.25,"ea."
"Premium Door KB732, Ruston Maple, Slab Drawer Front","KB732, Ruston Maple-DHRM, Slab DF #732D",10.25,"sq.ft.","0.00","ea.",0.25,"ea.",11.50,"sq.ft.","0.00","ea.",0.25,"ea."
"Premium Door KB732, Ruston Maple, Cut for Glass Door","KB732, Ruston Maple-DHRM, Cut for Glass #732G",8.15,"sq.ft.","15.00","ea.",0.25,"ea.",11.50,"sq.ft.","15.00","ea.",0.25,"ea."
"Premium Door KB732, Ruston Maple, French Lite Door","KB732, Ruston Maple-DHRM, French Lite Door #7732F",8.15,"sq.ft.","7.50","ea.",0.25,"ea.",11.50,"sq.ft.","7.50","ea.",0.25,"ea."
"Premium Door DBQ, Ruston Maple, Door","DBQ816, Ruston Maple-DHRM, Door #816",8.15,"sq.ft.","0.00","ea.",0.25,"ea.",10.45,"sq.ft.","0.00","ea.",0.25,"ea."
"Premium Door DBQ, Ruston Maple, Slab Drawer Front","DBQ816, Ruston Maple-DHRM, Slab DF #816D",10.25,"sq.ft.","0.00","ea.",0.25,"ea.",11.50,"sq.ft.","0.00","ea.",0.25,"ea."
"Premium Door DBQ, Ruston Maple, Cut for Glass Door","DBQ816, Ruston Maple-DHRM, Cut for Glass #816G",8.15,"sq.ft.","15.00","ea.",0.25,"ea.",10.45,"sq.ft.","15.00","ea.",0.25,"ea."
"Premium Door DBQ, Ruston Maple, French Lite Door","DBQ816, Ruston Maple-DHRM, French Lite #816F",8.15,"sq.ft.","7.50","ea.",0.25,"ea.",10.45,"sq.ft.","7.50","ea.",0.25,"ea."
"Premium Door DR8, Ruston Maple, Door","DR8, Ruston Maple-DHRM, Door #785",8.15,"sq.ft.","0.00","ea.",0.25,"ea.",10.45,"sq.ft.","0.00","ea.",0.25,"ea."
"Premium Door DR8, Ruston Maple, Routed Drawer Front","DR8, Ruston Maple-DHRM, Routed DF #785R",8.15,"sq.ft.","5.00","ea.",0.25,"ea.",11.50,"sq.ft.","5.00","ea.",0.25,"ea."
"Premium Door DR8, Ruston Maple, Slab Drawer Front","DR8, Ruston Maple-DHRM, Slab DF #785D",10.25,"sq.ft.","0.00","ea.",0.25,"ea.",11.50,"sq.ft.","0.00","ea.",0.25,"ea."
"Premium Door DR8, Ruston Maple, Cut for Glass Door","DR8, Ruston Maple-DHRM, Cut for Glass #785G",8.15,"sq.ft.","15.00","ea.",0.25,"ea.",10.45,"sq.ft.","15.00","ea.",0.25,"ea."
"Premium Door DR8, Ruston Maple, French Lite Door","DR8, Ruston Maple-DHRM, French Lite Door #785F",8.15,"sq.ft.","7.50","ea.",0.25,"ea.",10.45,"sq.ft.","7.50","ea.",0.25,"ea."
"Premium Door DRS131, Ruston Maple, Door","DRS131, Ruston Maple-DHRM, Door #131",13.20,"sq.ft.","0.00","ea.",0.25,"ea.",15.50,"sq.ft.","0.00","ea.",0.25,"ea."
"Premium Door DRS131, Ruston Maple, Routed Drawer Front","DRS131, Ruston Maple-DHRM, Routed DF #131R",13.20,"sq.ft.","5.00","ea.",0.25,"ea.",11.50,"sq.ft.","10.00","ea.",0.25,"ea."
"Premium Door DRS131, Ruston Maple, Slab Drawer Front","DRS131, Ruston Maple-DHRM, Slab DF #131D",10.25,"sq.ft.","0.00","ea.",0.25,"ea.",11.50,"sq.ft.","0.00","ea.",0.25,"ea."
"Premium Door DRS131, Ruston Maple, Cut for Glass Door","DRS131, Ruston Maple-DHRM, Cut for Glass #131G",13.20,"sq.ft.","15.00","ea.",0.25,"ea.",15.50,"sq.ft.","15.00","ea.",0.25,"ea."
"Premium Door DRS131, Ruston Maple, French Lite Door","DRS131, Ruston Maple-DHRM, French Lite Door #131F",13.20,"sq.ft.","7.50","ea.",0.25,"ea.",15.50,"sq.ft.","7.50","ea.",0.25,"ea."
"Crown Molding, Ruston Maple, 3-3/4""","Crown Molding, Ruston Maple-DHRM, 3-3/4"", 423-8, #3003",19.15,"ea.","10.00","ea.",0.25,"ea.",21.25,"ea.","0.00","ea.",0.25,"ea."
"Crown Molding, Ruston Maple, 4-1/2""","Crown Molding, Ruston Maple-DHRM, 4-1/2"", 424-8, #3004",21.50,"ea.","10.00","ea.",0.25,"ea.",23.85,"ea.","0.00","ea.",0.25,"ea."
"Base Molding, Ruston Maple, 2-1/2""","Base Molding, Ruston Maple-DHRM, 2-1/2"", 426-8, #3007",12.55,"ea.","10.00","ea.",0.25,"ea.",13.95,"ea.","0.00","ea.",0.25,"ea."
"Scribe Molding, Ruston Maple, 1""","Scribe Molding, Ruston Maple-DHRM, 1"", 428-8, #3012",7.65,"ea.","10.00","ea.",0.25,"ea.",8.50,"ea.","0.00","ea.",0.25,"ea."
"Fluted Molding, Ruston Maple, 3-1/2""","Fluted Molding, Ruston Maple-DHRM, 3-1/2"", 431-8, #3013",21.55,"ea.","10.00","ea.",0.25,"ea.",21.55,"ea.","0.00","ea.",0.25,"ea."
"Filler A","Filler A, Ruston Maple-DHRM, 471, #3250",10.60,"ea.","0.00","ea.",10.00,"ea.",11.75,"ea.","0.00","ea.",0.25,"ea."
"Filler B","Filler A, Ruston Maple-DHRM, 472, #3251",10.60,"ea.","0.00","ea.",10.00,"ea.",11.75,"ea.","0.00","ea.",0.25,"ea."
"Filler C","Filler A, Ruston Maple-DHRM, 469, #3255",10.60,"ea.","15.00","ea.",10.00,"ea.",11.75,"ea.","15.00","ea.",0.25,"ea."
